Name,Date,Finishers,Link,Scraped,Year,,
California International Marathon,12/3/2023,,https://www.marathonguide.com/races/racedetails.cfm?MIDD=687231203,FALSE,2023,,
Asics City of Los Angeles Marathon (L.A. Marathon),3/17/2024,,https://www.marathonguide.com/races/racedetails.cfm?MIDD=9240317,FALSE,2024,,
Big Cottonwood Marathon,9/9/2023,,https://www.marathonguide.com/races/racedetails.cfm?MIDD=4587230909,FALSE,2023,,
Erie Marathon at Presque Isle,9/10/2023,,https://www.marathonguide.com/races/racedetails.cfm?MIDD=533230910,FALSE,2023,,
Cincinnati Flying Pig Marathon,5/5/2024,,https://www.marathonguide.com/races/racedetails.cfm?MIDD=508240505,FALSE,2024,,
The Cheap Marathon,4/20/2024,,https://www.marathonguide.com/races/racedetails.cfm?MIDD=6481240420,FALSE,2024,,
IMT Insurance Des Moines Marathon,10/15/2023,,https://www.marathonguide.com/races/racedetails.cfm?MIDD=1750231015,FALSE,2023,,
SSM Health Madison Marathon (Mad City Marathon),11/12/2023,,https://www.marathonguide.com/races/racedetails.cfm?MIDD=1608231112,FALSE,2023,,
Holualoa Tucson Marathon,12/10/2023,,https://www.marathonguide.com/races/racedetails.cfm?MIDD=555231210,FALSE,2023,,
Kiawah Island Golf Resort Kiawah Island Marathon,12/9/2023,,https://www.marathonguide.com/races/racedetails.cfm?MIDD=763231209,FALSE,2023,,
The Woodlands Marathon,3/2/2024,,https://www.marathonguide.com/races/racedetails.cfm?MIDD=4022240302,FALSE,2024,,
Rocket City Marathon,12/10/2023,,https://www.marathonguide.com/races/racedetails.cfm?MIDD=558231210,FALSE,2023,,
Bakline McKirdy Micro Marathon - NY II,10/14/2023,,https://www.marathonguide.com/races/racedetails.cfm?MIDD=9184231014,FALSE,2023,,
Enders Insurance Harrisburg Marathon,11/12/2023,,https://www.marathonguide.com/races/racedetails.cfm?MIDD=1196231112,FALSE,2023,,
Baltimore Marathon,10/14/2023,,https://www.marathonguide.com/races/racedetails.cfm?MIDD=1629231014,FALSE,2023,,
Lakefront Marathon,10/1/2023,,https://www.marathonguide.com/races/racedetails.cfm?MIDD=541231001,FALSE,2023,,
Spring Chance BQ.2 Marathon,4/13/2024,,https://www.marathonguide.com/races/racedetails.cfm?MIDD=6242240413,FALSE,2024,,
AmeriHealth NJ Atlantic City Marathon,10/22/2023,,https://www.marathonguide.com/races/racedetails.cfm?MIDD=63231022,FALSE,2023,,
Mohawk-Hudson River Marathon,10/8/2023,,https://www.marathonguide.com/races/racedetails.cfm?MIDD=1191231008,FALSE,2023,,
Gorham Savings Bank Maine Marathon,10/1/2023,,https://www.marathonguide.com/races/racedetails.cfm?MIDD=1173231001,FALSE,2023,,
Marquette Marathon,9/2/2023,,https://www.marathonguide.com/races/racedetails.cfm?MIDD=3636230902,FALSE,2023,,
Garmin Kansas City Marathon,10/21/2023,,https://www.marathonguide.com/races/racedetails.cfm?MIDD=1782231021,FALSE,2023,,
Life Time Miami Marathon,1/28/2024,,https://www.marathonguide.com/races/racedetails.cfm?MIDD=1850240128,FALSE,2024,,
Cowtown Marathon,2/25/2024,,https://www.marathonguide.com/races/racedetails.cfm?MIDD=6240225,FALSE,2024,,
Delaware Marathon,4/21/2024,,https://www.marathonguide.com/races/racedetails.cfm?MIDD=2062240421,FALSE,2024,,
Fleet Feet Two Cities Marathon,11/5/2023,,https://www.marathonguide.com/races/racedetails.cfm?MIDD=2878231105,FALSE,2023,,
Mayo Clinic Health System Mankato Marathon,10/21/2023,,https://www.marathonguide.com/races/racedetails.cfm?MIDD=3517231021,FALSE,2023,,
Asheville Marathon,3/16/2024,,https://www.marathonguide.com/races/racedetails.cfm?MIDD=4662240316,FALSE,2024,,
Oakland Marathon Running Festival,3/17/2024,,https://www.marathonguide.com/races/racedetails.cfm?MIDD=3364240317,FALSE,2024,,
Memorial Medical Center WhistleStop Marathon,10/14/2023,,https://www.marathonguide.com/races/racedetails.cfm?MIDD=543231014,FALSE,2023,,
Ameris Bank Jacksonville Marathon,12/10/2023,,https://www.marathonguide.com/races/racedetails.cfm?MIDD=559231210,FALSE,2023,,
FirstEnergy Akron Marathon,9/30/2023,,https://www.marathonguide.com/races/racedetails.cfm?MIDD=1920230930,FALSE,2023,,
Illinois Marathon,4/27/2024,,https://www.marathonguide.com/races/racedetails.cfm?MIDD=3118240427,FALSE,2024,,
Sutter Health Memorial Medical Center Modesto Marathon,3/24/2024,,https://www.marathonguide.com/races/racedetails.cfm?MIDD=3493240324,FALSE,2024,,
Mississippi Gulf Coast Marathon,12/10/2023,,https://www.marathonguide.com/races/racedetails.cfm?MIDD=6183231210,FALSE,2023,,
Catholic Medical Center Manchester City Marathon,11/12/2023,,https://www.marathonguide.com/races/racedetails.cfm?MIDD=2699231112,FALSE,2023,,
Williams Route 66 Marathon,11/19/2023,,https://www.marathonguide.com/races/racedetails.cfm?MIDD=2469231119,FALSE,2023,,
Holland Haven Marathon,9/10/2023,,https://www.marathonguide.com/races/racedetails.cfm?MIDD=5438230910,FALSE,2023,,
AdeNation Coast Guard Marathon,4/6/2024,,https://www.marathonguide.com/races/racedetails.cfm?MIDD=8179240406,FALSE,2024,,
Little Rock Marathon,3/3/2024,,https://www.marathonguide.com/races/racedetails.cfm?MIDD=1880240303,FALSE,2024,,
Clarence Demar Marathon,9/24/2023,,https://www.marathonguide.com/races/racedetails.cfm?MIDD=1056230924,FALSE,2023,,
TBK Bank Quad Cities Marathon,9/24/2023,,https://www.marathonguide.com/races/racedetails.cfm?MIDD=535230924,FALSE,2023,,
AdventHealth Town of Celebration Marathon,1/28/2024,,https://www.marathonguide.com/races/racedetails.cfm?MIDD=4895240128,FALSE,2024,,
Mount Desert Island marathon,10/15/2023,,https://www.marathonguide.com/races/racedetails.cfm?MIDD=1742231015,FALSE,2023,,
The Buckeye Marathon,1/6/2024,,https://www.marathonguide.com/races/racedetails.cfm?MIDD=5482240106,FALSE,2024,,
Salina Crossroads Marathon,11/4/2023,,https://www.marathonguide.com/races/racedetails.cfm?MIDD=8521231104,FALSE,2023,,
Publix Ft. Lauderdale A1A Marathon,2/18/2024,,https://www.marathonguide.com/races/racedetails.cfm?MIDD=2368240218,FALSE,2024,,
Salisbury Marathon,4/6/2024,,https://www.marathonguide.com/races/racedetails.cfm?MIDD=6342240406,FALSE,2024,,
Two Rivers Marathon Race Festival,3/16/2024,,https://www.marathonguide.com/races/racedetails.cfm?MIDD=4782240316,FALSE,2024,,
Fox Valley Marathon,9/17/2023,,https://www.marathonguide.com/races/racedetails.cfm?MIDD=3601230917,FALSE,2023,,
Martin Marietta City of Oaks Marathon,11/5/2023,,https://www.marathonguide.com/races/racedetails.cfm?MIDD=2740231105,FALSE,2023,,
Wisconsin Marathon,5/4/2024,,https://www.marathonguide.com/races/racedetails.cfm?MIDD=3119240504,FALSE,2024,,
Covenant Health Knoxville Marathon,4/7/2024,,https://www.marathonguide.com/races/racedetails.cfm?MIDD=2163240407,FALSE,2024,,
Marshall University Marathon,11/5/2023,,https://www.marathonguide.com/races/racedetails.cfm?MIDD=2207231105,FALSE,2023,,
Hyannis Marathon,3/3/2024,,https://www.marathonguide.com/races/racedetails.cfm?MIDD=1584240303,FALSE,2024,,
Publix Space Coast Marathon,11/26/2023,,https://www.marathonguide.com/races/racedetails.cfm?MIDD=1506231126,FALSE,2023,,
Sundance to Spearfish Marathon,9/10/2023,,https://www.marathonguide.com/races/racedetails.cfm?MIDD=6392230910,FALSE,2023,,
Jekyll Island Marathon,1/14/2024,,https://www.marathonguide.com/races/racedetails.cfm?MIDD=7877240114,FALSE,2024,,
Loco Marathon,10/22/2023,,https://www.marathonguide.com/races/racedetails.cfm?MIDD=5445231022,FALSE,2023,,
,10/14/2023,,https://www.marathonguide.com/races/VerifiedRacesList.cfm,FALSE,2023,,
Chickamauga Battlefield Marathon,11/11/2023,,https://www.marathonguide.com/races/racedetails.cfm?MIDD=1195231111,FALSE,2023,,
White River Marathon for Kenya (prev Mountain Home Marathon for,11/18/2023,,https://www.marathonguide.com/races/racedetails.cfm?MIDD=2158231118,FALSE,2023,,
Big Beach Marathon,1/28/2024,,https://www.marathonguide.com/races/racedetails.cfm?MIDD=6040240128,FALSE,2024,,
Athens Road Runners Classic City Marathon,1/28/2024,,https://www.marathonguide.com/races/racedetails.cfm?MIDD=9115240128,FALSE,2024,,
RACE Cancer Foundation Charles River Marathon,9/10/2023,,https://www.marathonguide.com/races/racedetails.cfm?MIDD=6352230910,FALSE,2023,,
Bass Pro Shops Marathon,11/5/2023,,https://www.marathonguide.com/races/racedetails.cfm?MIDD=2749231105,FALSE,2023,,
Tallahassee Marathon,2/11/2024,,https://www.marathonguide.com/races/racedetails.cfm?MIDD=776240211,FALSE,2024,,
Portneuf Medical Center Pocatello Marathon,9/2/2023,,https://www.marathonguide.com/races/racedetails.cfm?MIDD=1549230902,FALSE,2023,,
Fort Worth Marathon,11/12/2023,,https://www.marathonguide.com/races/racedetails.cfm?MIDD=2732231112,FALSE,2023,,
Bellingham Bay Marathon,9/24/2023,,https://www.marathonguide.com/races/racedetails.cfm?MIDD=2739230924,FALSE,2023,,
Athens Marathon (Ohio),4/14/2024,,https://www.marathonguide.com/races/racedetails.cfm?MIDD=498240414,FALSE,2024,,
Catholic Health Suffolk County Marathon,10/22/2023,,https://www.marathonguide.com/races/racedetails.cfm?MIDD=5777231022,FALSE,2023,,
Oregon Road Runners Club Vernonia Marathon,4/14/2024,,https://www.marathonguide.com/races/racedetails.cfm?MIDD=3860240414,FALSE,2024,,
RF Events Martian Marathon,4/13/2024,,https://www.marathonguide.com/races/racedetails.cfm?MIDD=1586240413,FALSE,2024,,
Garden of Life Palm Beaches Marathon Festival,12/10/2023,,https://www.marathonguide.com/races/racedetails.cfm?MIDD=2121231210,FALSE,2023,,
Ohio River Road Runners Club Marathon,4/7/2024,,https://www.marathonguide.com/races/racedetails.cfm?MIDD=493240407,FALSE,2024,,
Mississippi River Marathon,2/3/2024,,https://www.marathonguide.com/races/racedetails.cfm?MIDD=4597240203,FALSE,2024,,
London OH Marathon,4/20/2024,,https://www.marathonguide.com/races/racedetails.cfm?MIDD=8463240420,FALSE,2024,,
Sackets Harbor Marathon & Half Marathon,9/3/2023,,https://www.marathonguide.com/races/racedetails.cfm?MIDD=8697230903,FALSE,2023,,
The Haunted Forest Marathon,10/29/2023,,https://www.marathonguide.com/races/racedetails.cfm?MIDD=7922231029,FALSE,2023,,
Sun Marathon,1/27/2024,,https://www.marathonguide.com/races/racedetails.cfm?MIDD=6337240127,FALSE,2024,,
Veterans Marathon,11/11/2023,,https://www.marathonguide.com/races/racedetails.cfm?MIDD=3250231111,FALSE,2023,,
Erlanger Chattanooga Marathon,3/3/2024,,https://www.marathonguide.com/races/racedetails.cfm?MIDD=5848240303,FALSE,2024,,
Duke City Marathon,10/22/2023,,https://www.marathonguide.com/races/racedetails.cfm?MIDD=538231022,FALSE,2023,,
Community First Fox Cities Marathon,9/17/2023,,https://www.marathonguide.com/races/racedetails.cfm?MIDD=55230917,FALSE,2023,,
Lost Dutchman Marathon,2/18/2024,,https://www.marathonguide.com/races/racedetails.cfm?MIDD=1639240218,FALSE,2024,,
Zydeco Marathon,3/10/2024,,https://www.marathonguide.com/races/racedetails.cfm?MIDD=4964240310,FALSE,2024,,
South Texas International Marathon,12/2/2023,,https://www.marathonguide.com/races/racedetails.cfm?MIDD=9163231202,FALSE,2023,,
"Louisville Marathon, Half Marathon & 10K",11/5/2023,,https://www.marathonguide.com/races/racedetails.cfm?MIDD=6378231105,FALSE,2023,,
Utah Navajo Health Systems Bears Ears Marathon,11/4/2023,,https://www.marathonguide.com/races/racedetails.cfm?MIDD=9048231104,FALSE,2023,,
,4/20/2024,,https://www.marathonguide.com/races/VerifiedRacesList.cfm,FALSE,2024,,
Urgent Care of Berwick Skidaway Island Marathon,2/24/2024,,https://www.marathonguide.com/races/racedetails.cfm?MIDD=5656240224,FALSE,2024,,
Panama City Beach Marathon,12/2/2023,,https://www.marathonguide.com/races/racedetails.cfm?MIDD=6002231202,FALSE,2023,,
Clearwater Marathon,1/27/2024,,https://www.marathonguide.com/races/racedetails.cfm?MIDD=769240127,FALSE,2024,,
MDU Resources Bismarck Marathon,9/16/2023,,https://www.marathonguide.com/races/racedetails.cfm?MIDD=1054230916,FALSE,2023,,
Seven Bridges Marathon,10/15/2023,,https://www.marathonguide.com/races/racedetails.cfm?MIDD=4136231015,FALSE,2023,,
Great New York State Marathon,10/15/2023,,https://www.marathonguide.com/races/racedetails.cfm?MIDD=8181231015,FALSE,2023,,
Michelob Ultra El Paso Marathon,2/18/2024,,https://www.marathonguide.com/races/racedetails.cfm?MIDD=2643240218,FALSE,2024,,
3 Bridges Marathon,12/9/2023,,https://www.marathonguide.com/races/racedetails.cfm?MIDD=4866231209,FALSE,2023,,
Dignity Health Bakersfield Marathon,4/7/2024,,https://www.marathonguide.com/races/racedetails.cfm?MIDD=6104240407,FALSE,2024,,
,9/10/2023,,https://www.marathonguide.com/races/VerifiedRacesList.cfm,FALSE,2023,,
Gobbler Grind Marathon,11/19/2023,,https://www.marathonguide.com/races/racedetails.cfm?MIDD=1504231119,FALSE,2023,,
Millinocket Marathon,12/2/2023,,https://www.marathonguide.com/races/racedetails.cfm?MIDD=6486231202,FALSE,2023,,
Haig Point Daufuskie Island Marathon,1/13/2024,,https://www.marathonguide.com/races/racedetails.cfm?MIDD=7137240113,FALSE,2024,,
Long View Marathon,10/14/2023,,https://www.marathonguide.com/races/racedetails.cfm?MIDD=6868231014,FALSE,2023,,
Hamptons Marathon,9/23/2023,,https://www.marathonguide.com/races/racedetails.cfm?MIDD=2642230923,FALSE,2023,,
Platte Valley Companies Monument Marathon,9/30/2023,,https://www.marathonguide.com/races/racedetails.cfm?MIDD=4513230930,FALSE,2023,,
Publix Florida Marathon & 1/2 Marathon,2/11/2024,,https://www.marathonguide.com/races/racedetails.cfm?MIDD=3057240211,FALSE,2024,,
RDC Marathon,10/29/2023,,https://www.marathonguide.com/races/racedetails.cfm?MIDD=9241231029,FALSE,2023,,
USA Fit Marathon,1/28/2024,,https://www.marathonguide.com/races/racedetails.cfm?MIDD=3821240128,FALSE,2024,,
Probility Ann Arbor Marathon,10/1/2023,,https://www.marathonguide.com/races/racedetails.cfm?MIDD=4379231001,FALSE,2023,,
Infirmary Health Mobile Marathon (prev. First Light Marathon),1/14/2024,,https://www.marathonguide.com/races/racedetails.cfm?MIDD=1693240114,FALSE,2024,,
Skagit Runners Skagit Flats Marathon,10/1/2023,,https://www.marathonguide.com/races/racedetails.cfm?MIDD=1494231001,FALSE,2023,,
Jackson Hole Marathon,9/23/2023,,https://www.marathonguide.com/races/racedetails.cfm?MIDD=4147230923,FALSE,2023,,
Horse Capital Marathon,4/13/2024,,https://www.marathonguide.com/races/racedetails.cfm?MIDD=5769240413,FALSE,2024,,
Bend Marathon and Half,4/14/2024,,https://www.marathonguide.com/races/racedetails.cfm?MIDD=5977240414,FALSE,2024,,
Big Island International Marathon,3/17/2024,,https://www.marathonguide.com/races/racedetails.cfm?MIDD=1495240317,FALSE,2024,,
Elroy Apple Dumpling Day Marathon,9/9/2023,,https://www.marathonguide.com/races/racedetails.cfm?MIDD=5277230909,FALSE,2023,,
Leavenworth Marathon,9/30/2023,,https://www.marathonguide.com/races/racedetails.cfm?MIDD=2316230930,FALSE,2023,,
Heartland Marathon,9/24/2023,,https://www.marathonguide.com/races/racedetails.cfm?MIDD=5806230924,FALSE,2023,,
Golden Driller Marathon,4/20/2024,,https://www.marathonguide.com/races/racedetails.cfm?MIDD=5805240420,FALSE,2024,,
Shiprock Marathon,5/4/2024,,https://www.marathonguide.com/races/racedetails.cfm?MIDD=1154240504,FALSE,2024,,
Redding Marathon,1/14/2024,,https://www.marathonguide.com/races/racedetails.cfm?MIDD=1721240114,FALSE,2024,,
Cummins Mill Race Marathon,9/23/2023,,https://www.marathonguide.com/races/racedetails.cfm?MIDD=4943230923,FALSE,2023,,
Virginia Creeper Marathon,4/7/2024,,https://www.marathonguide.com/races/racedetails.cfm?MIDD=774240407,FALSE,2024,,
Abebe Bikila Day International Peace Marathon,9/9/2023,,https://www.marathonguide.com/races/racedetails.cfm?MIDD=5109230909,FALSE,2023,,
Yonkers Marathon,9/17/2023,,https://www.marathonguide.com/races/racedetails.cfm?MIDD=1055230917,FALSE,2023,,
Pacific Northwest Marathon,9/16/2023,,https://www.marathonguide.com/races/racedetails.cfm?MIDD=5592230916,FALSE,2023,,
OMRR Run for the Ranch Marathon,12/30/2023,,https://www.marathonguide.com/races/racedetails.cfm?MIDD=2017231230,FALSE,2023,,
Greenbrier River Trail Association Greenbrier River Trail Marathon,10/8/2023,,https://www.marathonguide.com/races/racedetails.cfm?MIDD=6686231008,FALSE,2023,,
Wenatchee Marathon,4/20/2024,,https://www.marathonguide.com/races/racedetails.cfm?MIDD=2268240420,FALSE,2024,,
Tupelo Marathon,9/3/2023,,https://www.marathonguide.com/races/racedetails.cfm?MIDD=1493230903,FALSE,2023,,
,2/4/2024,,https://www.marathonguide.com/races/VerifiedRacesList.cfm,FALSE,2024,,
On Hill Events East Canyon Marathon,9/2/2023,,https://www.marathonguide.com/races/racedetails.cfm?MIDD=6318230902,FALSE,2023,,
Yakima River Canyon Marathon,4/6/2024,,https://www.marathonguide.com/races/racedetails.cfm?MIDD=1534240406,FALSE,2024,,
Maui Oceanfront Marathon,1/14/2024,,https://www.marathonguide.com/races/racedetails.cfm?MIDD=3051240114,FALSE,2024,,
Towpath Marathon,10/7/2023,,https://www.marathonguide.com/races/racedetails.cfm?MIDD=545231007,FALSE,2023,,
The Kauai Marathon,9/3/2023,,https://www.marathonguide.com/races/racedetails.cfm?MIDD=3101230903,FALSE,2023,,
McAllen Marathon,1/20/2024,,https://www.marathonguide.com/races/racedetails.cfm?MIDD=5334240120,FALSE,2024,,
Emerald Isle Marathon,10/28/2023,,https://www.marathonguide.com/races/racedetails.cfm?MIDD=5941231028,FALSE,2023,,
Continental Tire Mississippi Blues Marathon,2/24/2024,,https://www.marathonguide.com/races/racedetails.cfm?MIDD=2795240224,FALSE,2024,,
Pocono Mountains Marathon Race Festival,10/21/2023,,https://www.marathonguide.com/races/racedetails.cfm?MIDD=8433231021,FALSE,2023,,
Laredo Marathon,11/5/2023,,https://www.marathonguide.com/races/racedetails.cfm?MIDD=9230231105,FALSE,2023,,
Two Rivers Marathon Race Festival,3/16/2024,,https://www.marathonguide.com/races/racedetails.cfm?MIDD=4782240316,FALSE,2024,,
Game On! Marathon of the Treasure Coast,3/3/2024,,https://www.marathonguide.com/races/racedetails.cfm?MIDD=5307240303,FALSE,2024,,
Texas Marathon,1/1/2024,,https://www.marathonguide.com/races/racedetails.cfm?MIDD=1743240101,FALSE,2024,,
Des Plaines River Trail Marathon,10/14/2023,,https://www.marathonguide.com/races/racedetails.cfm?MIDD=3724231014,FALSE,2023,,
Foot Levelers Blue Ridge Marathon,4/20/2024,,https://www.marathonguide.com/races/racedetails.cfm?MIDD=3360240420,FALSE,2024,,
InFirst Bank Veterans Marathon (PA),11/5/2023,,https://www.marathonguide.com/races/racedetails.cfm?MIDD=4579231105,FALSE,2023,,
Marathon 2 Marathon,10/21/2023,,https://www.marathonguide.com/races/racedetails.cfm?MIDD=2486231021,FALSE,2023,,
Chessie Trail Marathon,11/4/2023,,https://www.marathonguide.com/races/racedetails.cfm?MIDD=7006231104,FALSE,2023,,
Andrew Jackson Marathon,4/6/2024,,https://www.marathonguide.com/races/racedetails.cfm?MIDD=729240406,FALSE,2024,,
DoLittle Marathon,9/16/2023,,https://www.marathonguide.com/races/racedetails.cfm?MIDD=6067230916,FALSE,2023,,
Adirondack Marathon,10/1/2023,,https://www.marathonguide.com/races/racedetails.cfm?MIDD=537231001,FALSE,2023,,
Seabrook Lucky Trail Marathon,3/16/2024,,https://www.marathonguide.com/races/racedetails.cfm?MIDD=2061240316,FALSE,2024,,
Cannonball Marathon,10/14/2023,,https://www.marathonguide.com/races/racedetails.cfm?MIDD=6064231014,FALSE,2023,,
CrackedBell Bucks County Marathon,10/28/2023,,https://www.marathonguide.com/races/racedetails.cfm?MIDD=3313231028,FALSE,2023,,
Whidbey Island Marathon,4/21/2024,,https://www.marathonguide.com/races/racedetails.cfm?MIDD=1728240421,FALSE,2024,,
Cocopah Casino Yuma Territorial Marathon and Half Marathon,1/27/2024,,https://www.marathonguide.com/races/racedetails.cfm?MIDD=3342240127,FALSE,2024,,
Lock 2 Lock Marathon,9/9/2023,,https://www.marathonguide.com/races/racedetails.cfm?MIDD=8315230909,FALSE,2023,,
Waushara County Crimestoppers JailBreak Marathon,9/30/2023,,https://www.marathonguide.com/races/racedetails.cfm?MIDD=3409230930,FALSE,2023,,
BG26.2 Marathon,11/5/2023,,https://www.marathonguide.com/races/racedetails.cfm?MIDD=4625231105,FALSE,2023,,
Sleeping Bear Marathon,10/7/2023,,https://www.marathonguide.com/races/racedetails.cfm?MIDD=4521231007,FALSE,2023,,
AIB International Little Apple Marathon,10/7/2023,,https://www.marathonguide.com/races/racedetails.cfm?MIDD=6529231007,FALSE,2023,,
Harlingen Marathon,2/11/2024,,https://www.marathonguide.com/races/racedetails.cfm?MIDD=8632240211,FALSE,2024,,
Eisenhower Marathon,4/27/2024,,https://www.marathonguide.com/races/racedetails.cfm?MIDD=1914240427,FALSE,2024,,
Millbrook Marathon,4/14/2024,,https://www.marathonguide.com/races/racedetails.cfm?MIDD=8068240414,FALSE,2024,,
New Hampshire Marathon,9/30/2023,,https://www.marathonguide.com/races/racedetails.cfm?MIDD=1171230930,FALSE,2023,,
Incredible Bank Minocqua No Frills Marathon,9/3/2023,,https://www.marathonguide.com/races/racedetails.cfm?MIDD=4658230903,FALSE,2023,,
Heart of America Marathon,9/4/2023,,https://www.marathonguide.com/races/racedetails.cfm?MIDD=529230904,FALSE,2023,,
Ely Marathon,9/23/2023,,https://www.marathonguide.com/races/racedetails.cfm?MIDD=5923230923,FALSE,2023,,
Western Maryland Rail Trail Marathon,10/15/2023,,https://www.marathonguide.com/races/racedetails.cfm?MIDD=5244231015,FALSE,2023,,
Boring Marathon,9/10/2023,,https://www.marathonguide.com/races/racedetails.cfm?MIDD=5182230910,FALSE,2023,,
Savin Rock Marathon,3/23/2024,,https://www.marathonguide.com/races/racedetails.cfm?MIDD=5617240323,FALSE,2024,,
Fort Smith Marathon,9/24/2023,,https://www.marathonguide.com/races/racedetails.cfm?MIDD=5485230924,FALSE,2023,,
Honoring our Heroes Marathon,11/18/2023,,https://www.marathonguide.com/races/racedetails.cfm?MIDD=6283231118,FALSE,2023,,
Belleville Main Street Marathon,9/30/2023,,https://www.marathonguide.com/races/racedetails.cfm?MIDD=6129230930,FALSE,2023,,
Lake Tahoe Marathon,10/15/2023,,https://www.marathonguide.com/races/racedetails.cfm?MIDD=61231015,FALSE,2023,,
Cummins Falls Marathon,2/24/2024,,https://www.marathonguide.com/races/racedetails.cfm?MIDD=4813240224,FALSE,2024,,
Old Forge Marathon,9/9/2023,,https://www.marathonguide.com/races/racedetails.cfm?MIDD=6317230909,FALSE,2023,,
Rails to Trails Marathon,10/1/2023,,https://www.marathonguide.com/races/racedetails.cfm?MIDD=3066231001,FALSE,2023,,
Bizz Johnson Trail Marathon,10/7/2023,,https://www.marathonguide.com/races/racedetails.cfm?MIDD=2122231007,FALSE,2023,,
San Miguel Buzz Marathon,2/17/2024,,https://www.marathonguide.com/races/racedetails.cfm?MIDD=1603240217,FALSE,2024,,
NJ Trail Series One Day Marathon,9/30/2023,,https://www.marathonguide.com/races/racedetails.cfm?MIDD=5044230930,FALSE,2023,,
Medtronic Twin Cities Marathon,10/1/2023,,https://www.marathonguide.com/races/racedetails.cfm?MIDD=58231001,FALSE,2023,,
,,,,,,,
Jim Thorpe Marathon,,,,,2024,Jim Thorpe,PA
St. Jude Memphis Marathon,,,,,2023,Memphis,TN
Rehoboth Beach Marathon,,,,,2023,Rehoboth Beach,DE
Atlanta Marathon,,,,,2024,Atlanta,GA
Newport News One City Marathon,,,,,2024,Newport News,VA
Rock n Roll Nashville Marathon,,,,,2024,Nashville,TN
B and A Marathon,,,,,2024,Severna Park,MD
Greater St. Louis Marathon,,,,,2024,St. Louis,MO
Rock n Roll San Antonio Marathon,,,,,2023,San Antonio,TX
North Central Rail Trail Marathon,,,,,2023,Sparks,MD
Hudson Valley Marathon at the Walkway Over the Hudson,,,,,2024,Highland,NY
Hawaii Bird Conservation Marathon,,,,,2023,Hilo,HI
United States Air Force Marathon,,,,,2023,Dayton,OH
Beantown Marathon,,,,,2023,Hingham,MA
Cascade Express Marathon,,,,,2023,North Bend,WA
Boulderthon - Boulder Marathon,,,,,2023,Boulder,CO
Hilton Head Island Marathon,,,,,2024,Hilton Head Island,SC
Tidewater Strider Marathon,,,,,2024,Chesapeake,VA
Bryan-College Station Marathon,,,,,2023,College Station,TX
Spinx Runfest Marathon,,,,,2023,Greenville,SC
Newport Marathon,,,,,2023,Newport,RI
Garmin Olathe Marathon,,,,,2024,Olathe,KS
St. Petersburg Distance Classic Marathon,,,,,2024,St. Petersburg,FL
Snohomish River Run Marathon,,,,,2023,Snohomish,WA
Des Moines St. Paddys Marathon,,,,,2024,Des Moines,IA
Gandy Dancer Marathon,,,,,2023,Luck,WI
Appletree Marathon,,,,,2023,Vancouver,WA
Florida Track Club Marathon,,,,,2024,Hawthorne,FL
Boston or Bust Marathon,,,,,2023,Huntsville,AL
Champlain Islands Marathon,,,,,2023,South Hero,VT
St. Joseph Missouri Marathon,,,,,2023,St. Joseph,MO
Irving Frost Marathon,,,,,2023,Irving,TX
Potomac River Run Marathon,,,,,2024,Washington,DC
Ocean State Rhode Races Marathon,,,,,2023,Narragansett,RI
State 47 Las Cruces Marathon,,,,,2024,Las Cruces,NM
Queens Marathon,,,,,2024,Queens,NY
St. Lukes D and L RaceFest Marathon,,,,,2023,Allentown,PA
We Run this Beach Marathon,,,,,2024,Gulf Shores,AL
Outer Banks Marathon,,,,,2023,Manteo,NC
Silver Comet Marathon,,,,,2023,Mableton,GA
Sarasota Marathon,,,,,2024,Sarasota,FL
Bound for Boston Marathon,,,,,2023,Suwanee,GA
Logan City Marathon - Top of Utah,,,,,2023,Logan,UT
MO Cowbell Marathon,,,,,2023,St. Charles,MO
Oak Ridge to Kingston Express Marathon,,,,,2024,Oak Ridge,TN
Wabash Trace Nature Trail Marathon,,,,,2023,Shenandoah,IA
Tidewater Striders Dismal Swamp Marathon,,,,,2023,Chesapeake,VA
Nashville Marathon,,,,,2023,Nashville,TN
Potomac River Run Marathon,,,,,2023,Washington,DC
Run the Alamo 26.2 Marathon,,,,,2024,San Antonio,TX
Railway Marathon,,,,,2024,Fultondale,AL
Rockin Brews Marathon,,,,,2023,Madison,WI
Ocean City Running Festival Marathon,,,,,2023,Ocean City,MD
Central Florida Legends Marathon,,,,,2023,DeBary,FL
Freedoms Run Marathon,,,,,2023,Shepherdstown,WV
EOD Warrior Holiday Dash Marathon,,,,,2023,Washington,DC
Stennis Space Center Marathon,,,,,2023,Ocean Springs,MS
Springfield Marathon,,,,,2023,Springfield,IL
Idaho Running Company Marathon,,,,,2023,Boise,ID
Lagerhead Marathon,,,,,2023,Ottawa,KS
Justice Run Marathon,,,,,2023,Fort Worth,TX
Alpha Win Ave Maria Marathon,,,,,2024,Ave Maria,FL
Bound for Boston,,,,,2024,Henderson,NV
Northeast Kingdom Marathon,,,,,2023,Island Pond,VT
Cedar Creek Marathon,,,,,2023,Columbia Falls,MT
Brownsville Chief of Police Marathon,,,,,2023,Brownsville,TX
Flowerfest Marathon at Callaway Gardens,,,,,2024,Pine Mountain,GA
Valentines Day Massacre Marathon,,,,,2024,Greensboro,NC
Noyo Headlands Marathon,,,,,2023,Fort Bragg,CA
Victory Marathon,,,,,2024,Hillsdale,IN
Great Lincoln Marathon,,,,,2023,Lincoln,ME
BHM 26.2 Marathon,,,,,2023,Birmingham,AL
Sandy Claus Marathon,,,,,2023,Nocatee,FL
St. Patricks Marathon,,,,,2024,Washington,DC
Nashville Running Festival Marathon,,,,,2023,Nashville,NC
Rescue Rover Marathon,,,,,2024,Bedford,TX
Non Cancelled Marathon,,,,,2024,Oconomowoc,WI
ZombieRunner Halloween Marathon,,,,,2023,San Jose,CA
Raquette River Marathon,,,,,2024,Potsdam,NY
Pistol Creek Run Marathon,,,,,2024,Alcoa,TN
We Walk Marathon,,,,,2023,St. Bonifacius,MN
Bound for Boston,,,,,2023,Sarasota,FL
Chasing Jefferson Davis Marathon,,,,,2024,Abbeville,GA
Puppy Power Marathon,,,,,2024,Bedford,TX
