Marathon,Year,City,State,Link,FMM_Link,Date
Grandmas Marathon,2024,Duluth,MN,,https://findmymarathon.com/race-detail.php?zname=Grandmas%20Marathon,
Light at the End of the Tunnel Marathon,2024,North Bend,WA,,https://findmymarathon.com/race-detail.php?zname=Light%20at%20the%20End%20of%20the%20Tunnel%20Marathon,
Bayshore Marathon,2024,Traverse City,MI,,https://findmymarathon.com/race-detail.php?zname=Bayshore%20Marathon,
REVEL Rockies Marathon,2024,Morrison,CO,,https://findmymarathon.com/race-detail.php?zname=REVEL%20Rockies%20Marathon,
Utah Valley Marathon,2024,Provo,UT,,https://findmymarathon.com/race-detail.php?zname=Utah%20Valley%20Marathon,
Vermont City Marathon,2024,Burlington,VT,,https://findmymarathon.com/race-detail.php?zname=Vermont%20City%20Marathon,
Fargo Marathon,2024,Fargo,ND,,https://findmymarathon.com/race-detail.php?zname=Fargo%20Marathon,
Ogden Marathon,2024,Ogden,UT,,https://findmymarathon.com/race-detail.php?zname=Ogden%20Marathon,
Buffalo Marathon,2024,Buffalo,NY,,https://findmymarathon.com/race-detail.php?zname=Buffalo%20Marathon,
Cleveland Marathon,2024,Cleveland,OH,,https://findmymarathon.com/race-detail.php?zname=Cleveland%20Marathon,
Colfax Marathon,2024,Denver,CO,,https://findmymarathon.com/race-detail.php?zname=Colfax%20Marathon,
Green Bay Marathon,2024,Green Bay,WI,,https://findmymarathon.com/race-detail.php?zname=Green%20Bay%20Marathon,
Jack and Jills Downhill,2024,Jim Thorpe,PA,,https://findmymarathon.com/race-detail.php?zname=Jack%20and%20Jills%20Downhill%20(PA)%20Marathon,
Newport Marathon,2024,Newport,OR,,https://findmymarathon.com/race-detail.php?zname=Newport%20Marathon%20(OR),
Capital City Marathon,2024,Olympia,WA,,https://findmymarathon.com/race-detail.php?zname=Capital%20City%20Marathon,
Montana Marathon,2024,Billings,MT,,https://findmymarathon.com/race-detail.php?zname=Montana%20Marathon,
Maritime Marathon,2024,Manitowoc,WI,,https://findmymarathon.com/race-detail.php?zname=Maritime%20Marathon,
Steel Rail Marathon,2024,Pittsfield,MA,,https://findmymarathon.com/race-detail.php?zname=Steel%20Rail%20Marathon,
North Olympic Discovery Marathon,2024,Port Angeles,WA,,https://findmymarathon.com/race-detail.php?zname=North%20Olympic%20Discovery%20Marathon,
Irving Marathon,2024,Irving,TX,,https://findmymarathon.com/race-detail.php?zname=Irving%20Marathon,
Med City Marathon,2024,Rochester,MN,,https://findmymarathon.com/race-detail.php?zname=Med%20City%20Marathon,
Coeur d Alene Marathon,2024,Coeur d' Alene,ID,,https://findmymarathon.com/race-detail.php?zname=Coeur%20d%20Alene%20Marathon,
Lake Placid Marathon,2024,Lake Placid,NY,,https://findmymarathon.com/race-detail.php?zname=Lake%20Placid%20Marathon,
Famous Idaho Potato Marathon,2024,Boise,ID,,https://findmymarathon.com/race-detail.php?zname=Famous%20Idaho%20Potato%20Marathon,
Jackson River Scenic Trail Marathon,2024,Covington,VA,,https://findmymarathon.com/race-detail.php?zname=Jackson%20River%20Scenic%20Trail%20Marathon,
Governors Cup Marathon,2024,Helena,MT,,https://findmymarathon.com/race-detail.php?zname=Governors%20Cup%20Marathon,
Seaside Marathon,2024,Ventura,CA,,https://findmymarathon.com/race-detail.php?zname=Seaside%20Marathon,
New River Marathon,2024,Fleetwood,NC,,https://findmymarathon.com/race-detail.php?zname=New%20River%20Marathon,
Steamboat Marathon,2024,Steamboat Springs,CO,,https://findmymarathon.com/race-detail.php?zname=Steamboat%20Marathon,
Whitefish Marathon,2024,Whitefish,MT,,https://findmymarathon.com/race-detail.php?zname=Whitefish%20Marathon,
Trailbreaker Marathon,2024,Waukesha,WI,,https://findmymarathon.com/race-detail.php?zname=Trailbreaker%20Marathon,
Windermere Marathon,2024,Spokane,WA,,https://findmymarathon.com/race-detail.php?zname=Windermere%20Marathon,
Casper Marathon,2024,Casper,WY,,https://findmymarathon.com/race-detail.php?zname=Casper%20Marathon,
Walter Childs Memorial Race of Champions Marathon,2024,Holyoke,MA,,https://findmymarathon.com/race-detail.php?zname=Walter%20Childs%20Memorial%20Race%20of%20Champions%20Marathon,
Madeline Island Marathon,2024,La Pointe,WI,,https://findmymarathon.com/race-detail.php?zname=Madeline%20Island%20Marathon,
Armed Services Marathon,2024,Grand Haven,MI,,https://findmymarathon.com/race-detail.php?zname=Armed%20Services%20Marathon,
Northwoods Escape Marathon,2024,Minocqua,WI,,https://findmymarathon.com/race-detail.php?zname=Northwoods%20Escape%20Marathon,
Deadwood-Mickelson Trail Marathon,2024,Deadwood,SD,,https://findmymarathon.com/race-detail.php?zname=Deadwood-Mickelson%20Trail%20Marathon,
Gods Country Marathon Race Series,2024,Galeton,PA,,https://findmymarathon.com/race-detail.php?zname=Gods%20Country%20Marathon%20Race%20Series,
Old Colony Marathon,2024,Springfield,MA,,https://findmymarathon.com/race-detail.php?zname=Old%20Colony%20Marathon,
Three Days at the Fair Marathon,2024,Augusta,NJ,,https://findmymarathon.com/race-detail.php?zname=Three%20Days%20at%20the%20Fair%20Marathon%20(Spring),
Prince of Wales Island Marathon,2024,Craig,AK,,https://findmymarathon.com/race-detail.php?zname=Prince%20of%20Wales%20Island%20Marathon,
Race the Lake Marathon,2024,Cooperstown,NY,,https://findmymarathon.com/race-detail.php?zname=Race%20the%20Lake%20Marathon,
Nutmeg State Marathon,2024,Hartford,CT,,https://findmymarathon.com/race-detail.php?zname=Nutmeg%20State%20Marathon,
Boise Marathon,2024,Boise,ID,,https://findmymarathon.com/race-detail.php?zname=Boise%20Marathon,
Boston Marathon,2024,Boston,MA,,https://findmymarathon.com/race-detail.php?zname=Boston%20Marathon,
Chicago Marathon,2023,Chicago,IL,,https://findmymarathon.com/race-detail.php?zname=Chicago%20Marathon,
New York City Marathon,2023,New York City,NY,,https://findmymarathon.com/race-detail.php?zname=New%20York%20City%20Marathon,
California International Marathon,2023,Sacramento,CA,,https://findmymarathon.com/race-detail.php?zname=California%20International%20Marathon,
Philadelphia Marathon,2023,Philadelphia,PA,,https://findmymarathon.com/race-detail.php?zname=Philadelphia%20Marathon,
Houston Marathon,2024,Houston,TX,,https://findmymarathon.com/race-detail.php?zname=Houston%20Marathon,
Grandmas Marathon,2024,Duluth,MN,,https://findmymarathon.com/race-detail.php?zname=Grandmas%20Marathon,
Indianapolis Monumental Marathon,2023,Indianapolis,IN,,https://findmymarathon.com/race-detail.php?zname=Indianapolis%20Monumental%20Marathon,
Eugene Marathon,2024,Eugene,OR,,https://findmymarathon.com/race-detail.php?zname=Eugene%20Marathon,
REVEL Big Bear Marathon,2023,Redlands,CA,,https://findmymarathon.com/race-detail.php?zname=REVEL%20Big%20Bear%20Marathon,
REVEL Mt. Charleston Marathon,2024,Las Vegas,NV,,https://findmymarathon.com/race-detail.php?zname=REVEL%20Mt.%20Charleston%20Marathon,
Mesa Marathon,2024,Mesa,AZ,,https://findmymarathon.com/race-detail.php?zname=Mesa%20Marathon,
St. George Marathon,2023,St. George,UT,,https://findmymarathon.com/race-detail.php?zname=St.%20George%20Marathon,
Richmond Marathon,2023,Richmond,VA,,https://findmymarathon.com/race-detail.php?zname=Richmond%20Marathon,
Los Angeles Marathon,2024,Los Angeles,CA,,https://findmymarathon.com/race-detail.php?zname=Los%20Angeles%20Marathon,
Marine Corps Marathon,2023,Arlington,VA,,https://findmymarathon.com/race-detail.php?zname=Marine%20Corps%20Marathon,
Jersey City Marathon,2024,Jersey City,NJ,,https://findmymarathon.com/race-detail.php?zname=Jersey%20City%20Marathon,
REVEL White Mountains Marathon,2024,Conway,NH,,https://findmymarathon.com/race-detail.php?zname=REVEL%20White%20Mountains%20Marathon,
Mountains 2 Beach Marathon,2024,Ventura,CA,,https://findmymarathon.com/race-detail.php?zname=Mountains%202%20Beach%20Marathon,
Erie Marathon,2024,Erie,PA,,https://findmymarathon.com/race-detail.php?zname=Erie%20Marathon,
Columbus Marathon,2023,Columbus,OH,,https://findmymarathon.com/race-detail.php?zname=Columbus%20Marathon,
Light at the End of the Tunnel Marathon,2024,North Bend,WA,,https://findmymarathon.com/race-detail.php?zname=Light%20at%20the%20End%20of%20the%20Tunnel%20Marathon,
REVEL Big Cottonwood Marathon,2023,Murray,UT,,https://findmymarathon.com/race-detail.php?zname=REVEL%20Big%20Cottonwood%20Marathon,
Carmel Marathon,2024,Carmel,IN,,https://findmymarathon.com/race-detail.php?zname=Carmel%20Marathon,
Tunnel Light Marathon,2024,North Bend,WA,,https://findmymarathon.com/race-detail.php?zname=Tunnel%20Light%20Marathon,
U.S. Olympic Trials Marathon,2024,Orlando,FL,,https://findmymarathon.com/race-detail.php?zname=U.S.%20Olympic%20Trials%20Marathon%20(2024),
Wineglass Marathon,2023,Corning,NY,,https://findmymarathon.com/race-detail.php?zname=Wineglass%20Marathon,
Erie Marathon,2023,Erie,PA,,https://findmymarathon.com/race-detail.php?zname=Erie%20Marathon,
Ventura Marathon,2024,Ventura,CA,,https://findmymarathon.com/race-detail.php?zname=Ventura%20Marathon,
Bayshore Marathon,2024,Traverse City,MI,,https://findmymarathon.com/race-detail.php?zname=Bayshore%20Marathon,
Big Sur International Marathon,2024,Carmel,CA,,https://findmymarathon.com/race-detail.php?zname=Big%20Sur%20International%20Marathon,
Santa Rosa Marathon,2024,Santa Rosa,CA,,https://findmymarathon.com/race-detail.php?zname=Santa%20Rosa%20Marathon,
Tunnel Vision Marathon,2024,North Bend,WA,,https://findmymarathon.com/race-detail.php?zname=Tunnel%20Vision%20Marathon,
Baystate Marathon,2023,Lowell,MA,,https://findmymarathon.com/race-detail.php?zname=Baystate%20Marathon,
Pittsburgh Marathon,2024,Pittsburgh,PA,,https://findmymarathon.com/race-detail.php?zname=Pittsburgh%20Marathon,
Austin Marathon,2024,Austin,TX,,https://findmymarathon.com/race-detail.php?zname=Austin%20Marathon,
Detroit Free Press Marathon,2023,Detroit,MI,,https://findmymarathon.com/race-detail.php?zname=Detroit%20Free%20Press%20Marathon,
Rock n Roll San Diego Marathon,2024,San Diego,CA,,https://findmymarathon.com/race-detail.php?zname=Rock%20n%20Roll%20San%20Diego%20Marathon,
Tunnel Light Marathon,2023,North Bend,WA,,https://findmymarathon.com/race-detail.php?zname=Tunnel%20Light%20Marathon,
Long Beach Marathon,2023,Long Beach,CA,,https://findmymarathon.com/race-detail.php?zname=Long%20Beach%20Marathon,
Glass City Marathon,2024,Toledo,OH,,https://findmymarathon.com/race-detail.php?zname=Glass%20City%20Marathon,
REVEL Rockies Marathon,2024,Morrison,CO,,https://findmymarathon.com/race-detail.php?zname=REVEL%20Rockies%20Marathon,
San Francisco Marathon,2024,San Francisco,CA,,https://findmymarathon.com/race-detail.php?zname=San%20Francisco%20Marathon,
Jack and Jills Downhill Marathon,2024,North Bend,WA,,https://findmymarathon.com/race-detail.php?zname=Jack%20and%20Jills%20Downhill%20Marathon,
Napa Valley Marathon,2024,Napa,CA,,https://findmymarathon.com/race-detail.php?zname=Napa%20Valley%20Marathon,
Shamrock Marathon,2024,Virginia Beach,VA,,https://findmymarathon.com/race-detail.php?zname=Shamrock%20Marathon,
Jack and Jills Downhill Marathon,2024,North Bend,WA,,https://findmymarathon.com/race-detail.php?zname=Jack%20and%20Jills%20Downhill%20Marathon%20(Saturday),
Dallas Marathon,2023,Dallas,TX,,https://findmymarathon.com/race-detail.php?zname=Dallas%20Marathon,
Hartford Marathon,2023,Hartford,CT,,https://findmymarathon.com/race-detail.php?zname=Hartford%20Marathon,
Utah Valley Marathon,2024,Provo,UT,,https://findmymarathon.com/race-detail.php?zname=Utah%20Valley%20Marathon,
Flying Pig Marathon,2024,Cincinnati,OH,,https://findmymarathon.com/race-detail.php?zname=Flying%20Pig%20Marathon,
Sugarloaf Marathon,2024,Kingfield,ME,,https://findmymarathon.com/race-detail.php?zname=Sugarloaf%20Marathon,
OC Marathon,2024,Costa Mesa,CA,,https://findmymarathon.com/race-detail.php?zname=OC%20Marathon,
Honolulu Marathon,2023,Honolulu,HI,,https://findmymarathon.com/race-detail.php?zname=Honolulu%20Marathon,
Steamtown Marathon,2023,Scranton,PA,,https://findmymarathon.com/race-detail.php?zname=Steamtown%20Marathon,
Cape Cod Marathon,2023,Falmouth,MA,,https://findmymarathon.com/race-detail.php?zname=Cape%20Cod%20Marathon,
Vermont City Marathon,2024,Burlington,VT,,https://findmymarathon.com/race-detail.php?zname=Vermont%20City%20Marathon,
Last Chance BQ.2 Marathon,2024,Geneva,IL,,https://findmymarathon.com/race-detail.php?zname=Last%20Chance%20BQ.2%20Marathon,
Walt Disney World Marathon,2024,Orlando,FL,,https://findmymarathon.com/race-detail.php?zname=Walt%20Disney%20World%20Marathon,
Fargo Marathon,2024,Fargo,ND,,https://findmymarathon.com/race-detail.php?zname=Fargo%20Marathon,
Cheap Marathon,2024,Derry,NH,,https://findmymarathon.com/race-detail.php?zname=Cheap%20Marathon,
Portland Marathon,2023,Portland,OR,,https://findmymarathon.com/race-detail.php?zname=Portland%20Marathon,
Des Moines Marathon,2023,Des Moines,IA,,https://findmymarathon.com/race-detail.php?zname=Des%20Moines%20Marathon,
Cascade Express Marathon,2024,North Bend,WA,,https://findmymarathon.com/race-detail.php?zname=Cascade%20Express%20Marathon,
Madison Marathon,2023,Madison,WI,,https://findmymarathon.com/race-detail.php?zname=Madison%20Marathon,
Surf City Marathon,2024,Huntington Beach,CA,,https://findmymarathon.com/race-detail.php?zname=Surf%20City%20Marathon,
Myrtle Beach Marathon,2024,Myrtle Beach,SC,,https://findmymarathon.com/race-detail.php?zname=Myrtle%20Beach%20Marathon,
Colorado Marathon,2024,Fort Collins,CO,,https://findmymarathon.com/race-detail.php?zname=Colorado%20Marathon,
Last Chance BQ.2 Marathon,2023,Geneva,IL,,https://findmymarathon.com/race-detail.php?zname=Last%20Chance%20BQ.2%20Marathon,
Ogden Marathon,2024,Ogden,UT,,https://findmymarathon.com/race-detail.php?zname=Ogden%20Marathon,
Tucson Marathon,2023,Tucson,AZ,,https://findmymarathon.com/race-detail.php?zname=Tucson%20Marathon,
Buffalo Marathon,2024,Buffalo,NY,,https://findmymarathon.com/race-detail.php?zname=Buffalo%20Marathon,
Louisiana Marathon,2024,Baton Rouge,LA,,https://findmymarathon.com/race-detail.php?zname=Louisiana%20Marathon,
Newport Rhode Races Marathon,2024,Newport,RI,,https://findmymarathon.com/race-detail.php?zname=Newport%20Rhode%20Races%20Marathon,
Last Chance BQ.2,2024,Grand Rapids,MI,,https://findmymarathon.com/race-detail.php?zname=Last%20Chance%20BQ.2%20(Grand%20Rapids)%20Marathon,
Kiawah Island Marathon,2023,Kiawah Island,SC,,https://findmymarathon.com/race-detail.php?zname=Kiawah%20Island%20Marathon,
Woodlands Marathon,2024,The Woodlands,TX,,https://findmymarathon.com/race-detail.php?zname=Woodlands%20Marathon,
Rocket City Marathon,2023,Huntsville,AL,,https://findmymarathon.com/race-detail.php?zname=Rocket%20City%20Marathon,
Tobacco Road Marathon,2024,Cary,NC,,https://findmymarathon.com/race-detail.php?zname=Tobacco%20Road%20Marathon,
Charles River Marathon,2024,Boston,MA,,https://findmymarathon.com/race-detail.php?zname=Charles%20River%20Marathon,
Lincoln Marathon,2024,Lincoln,NE,,https://findmymarathon.com/race-detail.php?zname=Lincoln%20Marathon,
Cleveland Marathon,2024,Cleveland,OH,,https://findmymarathon.com/race-detail.php?zname=Cleveland%20Marathon,
Grand Rapids Marathon,2023,Grand Rapids,MI,,https://findmymarathon.com/race-detail.php?zname=Grand%20Rapids%20Marathon,
Jim Thorpe Marathon,2024,Jim Thorpe,PA,,https://findmymarathon.com/race-detail.php?zname=Jim%20Thorpe%20Marathon,
Seattle Marathon,2023,Seattle,WA,,https://findmymarathon.com/race-detail.php?zname=Seattle%20Marathon,
Maine Coast Marathon,2024,Wells,ME,,https://findmymarathon.com/race-detail.php?zname=Maine%20Coast%20Marathon,
St. Jude Memphis Marathon,2023,Memphis,TN,,https://findmymarathon.com/race-detail.php?zname=St.%20Jude%20Memphis%20Marathon,
McKirdy Micro Marathon,2023,Valley Cottage,NY,,https://findmymarathon.com/race-detail.php?zname=McKirdy%20Micro%20Marathon,
Rehoboth Beach Marathon,2023,Rehoboth Beach,DE,,https://findmymarathon.com/race-detail.php?zname=Rehoboth%20Beach%20Marathon,
Wilmington Marathon,2024,Wilmington,NC,,https://findmymarathon.com/race-detail.php?zname=Wilmington%20Marathon,
Harrisburg Marathon,2023,Harrisburg,PA,,https://findmymarathon.com/race-detail.php?zname=Harrisburg%20Marathon,
Long Island Marathon,2024,East Meadow,NY,,https://findmymarathon.com/race-detail.php?zname=Long%20Island%20Marathon,
Beantown Marathon,2024,Hingham,MA,,https://findmymarathon.com/race-detail.php?zname=Beantown%20Marathon,
Baltimore Marathon,2023,Baltimore,MD,,https://findmymarathon.com/race-detail.php?zname=Baltimore%20Marathon,
Charlotte Marathon,2023,Charlotte,NC,,https://findmymarathon.com/race-detail.php?zname=Charlotte%20Marathon,
Missoula Marathon,2024,Missoula,MT,,https://findmymarathon.com/race-detail.php?zname=Missoula%20Marathon,
Charlevoix Marathon,2024,Charlevoix,MI,,https://findmymarathon.com/race-detail.php?zname=Charlevoix%20Marathon,
Carlsbad Marathon,2024,Carlsbad,CA,,https://findmymarathon.com/race-detail.php?zname=Carlsbad%20Marathon,
Lake Wobegon Trail Marathon,2024,St. Joseph,MN,,https://findmymarathon.com/race-detail.php?zname=Lake%20Wobegon%20Trail%20Marathon,
Eau Claire Marathon,2024,Eau Claire,WI,,https://findmymarathon.com/race-detail.php?zname=Eau%20Claire%20Marathon,
Atlanta Marathon,2024,Atlanta,GA,,https://findmymarathon.com/race-detail.php?zname=Atlanta%20Marathon,
Lakefront Marathon,2023,Milwaukee,WI,,https://findmymarathon.com/race-detail.php?zname=Lakefront%20Marathon,
Spring Chance BQ.2 Marathon,2024,Geneva,IL,,https://findmymarathon.com/race-detail.php?zname=Spring%20Chance%20BQ.2%20Marathon,
Atlantic City Marathon,2023,Atlantic City,NJ,,https://findmymarathon.com/race-detail.php?zname=Atlantic%20City%20Marathon,
Newport News One City Marathon,2024,Newport News,VA,,https://findmymarathon.com/race-detail.php?zname=Newport%20News%20One%20City%20Marathon,
Super Marathon,2024,North Bend,WA,,https://findmymarathon.com/race-detail.php?zname=Super%20Marathon,
Rock n Roll Nashville Marathon,2024,Nashville,TN,,https://findmymarathon.com/race-detail.php?zname=Rock%20n%20Roll%20Nashville%20Marathon,
Sri Chinmoy Marathon,2024,Congers,NY,,https://findmymarathon.com/race-detail.php?zname=Sri%20Chinmoy%20Marathon,
Mohawk-Hudson River Marathon,2023,Albany,NY,,https://findmymarathon.com/race-detail.php?zname=Mohawk-Hudson%20River%20Marathon,
Maine Marathon,2023,Portland,ME,,https://findmymarathon.com/race-detail.php?zname=Maine%20Marathon,
Oklahoma City Memorial Marathon,2024,Oklahoma City,OK,,https://findmymarathon.com/race-detail.php?zname=Oklahoma%20City%20Memorial%20Marathon,
Colfax Marathon,2024,Denver,CO,,https://findmymarathon.com/race-detail.php?zname=Colfax%20Marathon,
Salt Lake City Marathon,2024,Salt Lake City,UT,,https://findmymarathon.com/race-detail.php?zname=Salt%20Lake%20City%20Marathon,
Green Bay Marathon,2024,Green Bay,WI,,https://findmymarathon.com/race-detail.php?zname=Green%20Bay%20Marathon,
Kentucky Derby Festival Marathon,2024,Louisville,KY,,https://findmymarathon.com/race-detail.php?zname=Kentucky%20Derby%20Festival%20Marathon,
Last Chance BQ.2,2023,Grand Rapids,MI,,https://findmymarathon.com/race-detail.php?zname=Last%20Chance%20BQ.2%20(Grand%20Rapids)%20Marathon,
Coastal Delaware Running Festival Marathon,2024,Rehoboth Beach,DE,,https://findmymarathon.com/race-detail.php?zname=Coastal%20Delaware%20Running%20Festival%20Marathon,
Jack and Jills Downhill,2024,Jim Thorpe,PA,,https://findmymarathon.com/race-detail.php?zname=Jack%20and%20Jills%20Downhill%20(PA)%20Marathon,
Marquette Marathon,2023,Marquette,MI,,https://findmymarathon.com/race-detail.php?zname=Marquette%20Marathon,
Kansas City Marathon,2023,Kansas City,MO,,https://findmymarathon.com/race-detail.php?zname=Kansas%20City%20Marathon,
B and A Marathon,2024,Severna Park,MD,,https://findmymarathon.com/race-detail.php?zname=B%20and%20A%20Marathon,
Marquette Marathon,2024,Marquette,MI,,https://findmymarathon.com/race-detail.php?zname=Marquette%20Marathon,
Combos Marathon,2024,Albany,GA,,https://findmymarathon.com/race-detail.php?zname=Combos%20Marathon,
Miami Marathon,2024,Miami,FL,,https://findmymarathon.com/race-detail.php?zname=Miami%20Marathon,
Cowtown Marathon,2024,Fort Worth,TX,,https://findmymarathon.com/race-detail.php?zname=Cowtown%20Marathon,
Runtastic NEBO Marathon,2024,Payson,UT,,https://findmymarathon.com/race-detail.php?zname=Runtastic%20NEBO%20Marathon,
Greater St. Louis Marathon,2024,St. Louis,MO,,https://findmymarathon.com/race-detail.php?zname=Greater%20St.%20Louis%20Marathon,
Delaware Marathon,2024,Wilmington,DE,,https://findmymarathon.com/race-detail.php?zname=Delaware%20Marathon,
Rock n Roll San Antonio Marathon,2023,San Antonio,TX,,https://findmymarathon.com/race-detail.php?zname=Rock%20n%20Roll%20San%20Antonio%20Marathon,
New England Green River Marathon,2024,Greenfield,MA,,https://findmymarathon.com/race-detail.php?zname=New%20England%20Green%20River%20Marathon,
Two Cities Marathon,2023,Fresno,CA,,https://findmymarathon.com/race-detail.php?zname=Two%20Cities%20Marathon,
North Central Rail Trail Marathon,2023,Sparks,MD,,https://findmymarathon.com/race-detail.php?zname=North%20Central%20Rail%20Trail%20Marathon,
Mankato Marathon,2023,Mankato,MN,,https://findmymarathon.com/race-detail.php?zname=Mankato%20Marathon,
Asheville Marathon,2024,Asheville,NC,,https://findmymarathon.com/race-detail.php?zname=Asheville%20Marathon,
Hudson Valley Marathon at the Walkway Over the Hudson,2024,Highland,NY,,https://findmymarathon.com/race-detail.php?zname=Hudson%20Valley%20Marathon%20at%20the%20Walkway%20Over%20the%20Hudson,
Oakland Marathon,2024,Oakland,CA,,https://findmymarathon.com/race-detail.php?zname=Oakland%20Marathon,
Whistlestop Marathon,2023,Ashland,WI,,https://findmymarathon.com/race-detail.php?zname=Whistlestop%20Marathon,
Hawaii Bird Conservation Marathon,2023,Hilo,HI,,https://findmymarathon.com/race-detail.php?zname=Hawaii%20Bird%20Conservation%20Marathon,
Jacksonville Marathon,2023,Jacksonville,FL,,https://findmymarathon.com/race-detail.php?zname=Jacksonville%20Marathon,
United States Air Force Marathon,2023,Dayton,OH,,https://findmymarathon.com/race-detail.php?zname=United%20States%20Air%20Force%20Marathon,
Newport Marathon,2024,Newport,OR,,https://findmymarathon.com/race-detail.php?zname=Newport%20Marathon%20(OR),
Akron Marathon,2023,Akron,OH,,https://findmymarathon.com/race-detail.php?zname=Akron%20Marathon,
Illinois Marathon,2024,Champaign-Urbana,IL,,https://findmymarathon.com/race-detail.php?zname=Illinois%20Marathon,
Modesto Marathon,2024,Modesto,CA,,https://findmymarathon.com/race-detail.php?zname=Modesto%20Marathon,
Holland Haven Marathon,2024,Holland,MI,,https://findmymarathon.com/race-detail.php?zname=Holland%20Haven%20Marathon,
Beantown Marathon,2023,Hingham,MA,,https://findmymarathon.com/race-detail.php?zname=Beantown%20Marathon,
Mississippi Gulf Coast Marathon,2023,Biloxi,MS,,https://findmymarathon.com/race-detail.php?zname=Mississippi%20Gulf%20Coast%20Marathon,
Manchester City Marathon,2023,Manchester,NH,,https://findmymarathon.com/race-detail.php?zname=Manchester%20City%20Marathon,
Chicagoland Spring Marathon,2024,Schaumburg,IL,,https://findmymarathon.com/race-detail.php?zname=Chicagoland%20Spring%20Marathon,
Route 66 Marathon,2023,Tulsa,OK,,https://findmymarathon.com/race-detail.php?zname=Route%2066%20Marathon,
Holland Haven Marathon,2023,Holland,MI,,https://findmymarathon.com/race-detail.php?zname=Holland%20Haven%20Marathon,
Coast Guard Marathon,2024,Elizabeth City,NC,,https://findmymarathon.com/race-detail.php?zname=Coast%20Guard%20Marathon,
Little Rock Marathon,2024,Little Rock,AR,,https://findmymarathon.com/race-detail.php?zname=Little%20Rock%20Marathon,
Clarence DeMar Marathon,2023,Keene,NH,,https://findmymarathon.com/race-detail.php?zname=Clarence%20DeMar%20Marathon,
Quad Cities Marathon,2023,Moline,IL,,https://findmymarathon.com/race-detail.php?zname=Quad%20Cities%20Marathon,
Town of Celebration Marathon,2024,Celebration,FL,,https://findmymarathon.com/race-detail.php?zname=Town%20of%20Celebration%20Marathon,
Mount Desert Island Marathon,2023,Bar Harbor,ME,,https://findmymarathon.com/race-detail.php?zname=Mount%20Desert%20Island%20Marathon,
Buckeye Marathon,2024,Buckeye,AZ,,https://findmymarathon.com/race-detail.php?zname=Buckeye%20Marathon,
Avenue of the Giants Marathon,2024,Weott,CA,,https://findmymarathon.com/race-detail.php?zname=Avenue%20of%20the%20Giants%20Marathon,
Salina Crossroads Marathon,2023,Salina,KS,,https://findmymarathon.com/race-detail.php?zname=Salina%20Crossroads%20Marathon,
Mayors Marathon,2024,Anchorage,AK,,https://findmymarathon.com/race-detail.php?zname=Mayors%20Marathon,
Ft. Lauderdale A1A Marathon,2024,Ft. Lauderdale,FL,,https://findmymarathon.com/race-detail.php?zname=Ft.%20Lauderdale%20A1A%20Marathon,
Cascade Express Marathon,2023,North Bend,WA,,https://findmymarathon.com/race-detail.php?zname=Cascade%20Express%20Marathon,
Salisbury Marathon,2024,Salisbury,MD,,https://findmymarathon.com/race-detail.php?zname=Salisbury%20Marathon,
Milwaukee Marathon,2024,Milwaukee,WI,,https://findmymarathon.com/race-detail.php?zname=Milwaukee%20Marathon,
Boston or Bust Marathon,2024,Huntsville,AL,,https://findmymarathon.com/race-detail.php?zname=Boston%20or%20Bust%20Marathon,
Oak Island Marathon,2024,Oak Island,NC,,https://findmymarathon.com/race-detail.php?zname=Oak%20Island%20Marathon,
Two Rivers Marathon,2024,Lackawaxen,PA,,https://findmymarathon.com/race-detail.php?zname=Two%20Rivers%20Marathon,
Foot Traffic Flat Marathon,2024,Portland,OR,,https://findmymarathon.com/race-detail.php?zname=Foot%20Traffic%20Flat%20Marathon,
Fox Valley Marathon,2023,St. Charles,IL,,https://findmymarathon.com/race-detail.php?zname=Fox%20Valley%20Marathon,
York Marathon,2024,York,PA,,https://findmymarathon.com/race-detail.php?zname=York%20Marathon,
Donna Marathon,2024,Jacksonville Beach,FL,,https://findmymarathon.com/race-detail.php?zname=Donna%20Marathon,
Deseret News Marathon,2024,Salt Lake City,UT,,https://findmymarathon.com/race-detail.php?zname=Deseret%20News%20Marathon,
City of Oaks Marathon,2023,Raleigh,NC,,https://findmymarathon.com/race-detail.php?zname=City%20of%20Oaks%20Marathon,
Wisconsin Marathon,2024,Kenosha,WI,,https://findmymarathon.com/race-detail.php?zname=Wisconsin%20Marathon,
Knoxville Marathon,2024,Knoxville,TN,,https://findmymarathon.com/race-detail.php?zname=Knoxville%20Marathon,
Kalamazoo Marathon,2024,Kalamazoo,MI,,https://findmymarathon.com/race-detail.php?zname=Kalamazoo%20Marathon,
Capital City Marathon,2024,Olympia,WA,,https://findmymarathon.com/race-detail.php?zname=Capital%20City%20Marathon,
Sackets Harbor Marathon,2024,Sackets Harbor,NY,,https://findmymarathon.com/race-detail.php?zname=Sackets%20Harbor%20Marathon,
Marshall University Marathon,2023,Huntington,WV,,https://findmymarathon.com/race-detail.php?zname=Marshall%20University%20Marathon,
Pocatello Marathon,2024,Pocatello,ID,,https://findmymarathon.com/race-detail.php?zname=Pocatello%20Marathon,
Hyannis Marathon,2024,Hyannis,MA,,https://findmymarathon.com/race-detail.php?zname=Hyannis%20Marathon,
Rogue Marathon,2023,Medford,OR,,https://findmymarathon.com/race-detail.php?zname=Rogue%20Marathon,
Space Coast Marathon,2023,Cocoa,FL,,https://findmymarathon.com/race-detail.php?zname=Space%20Coast%20Marathon,
Sundance to Spearfish Marathon,2023,Spearfish,SD,,https://findmymarathon.com/race-detail.php?zname=Sundance%20to%20Spearfish%20Marathon,
La Crosse Marathon,2024,La Crosse,WI,,https://findmymarathon.com/race-detail.php?zname=La%20Crosse%20Marathon,
Jekyll Island Marathon,2024,Jekyll Island,GA,,https://findmymarathon.com/race-detail.php?zname=Jekyll%20Island%20Marathon,
LOCO Marathon,2023,Newmarket,NH,,https://findmymarathon.com/race-detail.php?zname=LOCO%20Marathon,
Bemidji Blue Ox Marathon,2023,Bemidji,MN,,https://findmymarathon.com/race-detail.php?zname=Bemidji%20Blue%20Ox%20Marathon,
Leading Ladies Marathon,2024,Spearfish,SD,,https://findmymarathon.com/race-detail.php?zname=Leading%20Ladies%20Marathon,
Chickamauga Battlefield Marathon,2023,Chickamauga,GA,,https://findmymarathon.com/race-detail.php?zname=Chickamauga%20Battlefield%20Marathon,
White River Marathon,2023,Cotter,AR,,https://findmymarathon.com/race-detail.php?zname=White%20River%20Marathon,
Boulderthon - Boulder Marathon,2023,Boulder,CO,,https://findmymarathon.com/race-detail.php?zname=Boulderthon%20-%20Boulder%20Marathon,
Big Beach Marathon,2024,Gulf Shores,AL,,https://findmymarathon.com/race-detail.php?zname=Big%20Beach%20Marathon,
lululemon Classic City Marathon,2024,Athens,GA,,https://findmymarathon.com/race-detail.php?zname=lululemon%20Classic%20City%20Marathon,
Appletree Marathon,2024,Vancouver,WA,,https://findmymarathon.com/race-detail.php?zname=Appletree%20Marathon,
Montana Marathon,2024,Billings,MT,,https://findmymarathon.com/race-detail.php?zname=Montana%20Marathon,
Hilton Head Island Marathon,2024,Hilton Head Island,SC,,https://findmymarathon.com/race-detail.php?zname=Hilton%20Head%20Island%20Marathon,
Tidewater Strider Marathon,2024,Chesapeake,VA,,https://findmymarathon.com/race-detail.php?zname=Tidewater%20Strider%20Marathon,
Brew City Marathon,2024,Milwaukee,WI,,https://findmymarathon.com/race-detail.php?zname=Brew%20City%20Marathon,
Millennium Meadows Marathon,2024,Grand Rapids,MI,,https://findmymarathon.com/race-detail.php?zname=Millennium%20Meadows%20Marathon,
Bryan-College Station Marathon,2023,College Station,TX,,https://findmymarathon.com/race-detail.php?zname=Bryan-College%20Station%20Marathon,
Maritime Marathon,2024,Manitowoc,WI,,https://findmymarathon.com/race-detail.php?zname=Maritime%20Marathon,
Charles River Marathon,2023,Boston,MA,,https://findmymarathon.com/race-detail.php?zname=Charles%20River%20Marathon,
Bass Pro Shops Marathon,2023,Springfield,MO,,https://findmymarathon.com/race-detail.php?zname=Bass%20Pro%20Shops%20Marathon,
Spinx Runfest Marathon,2023,Greenville,SC,,https://findmymarathon.com/race-detail.php?zname=Spinx%20Runfest%20Marathon,
Steel Rail Marathon,2024,Pittsfield,MA,,https://findmymarathon.com/race-detail.php?zname=Steel%20Rail%20Marathon,
Sundance to Spearfish Marathon,2024,Spearfish,SD,,https://findmymarathon.com/race-detail.php?zname=Sundance%20to%20Spearfish%20Marathon,
Tallahassee Marathon,2024,Tallahassee,FL,,https://findmymarathon.com/race-detail.php?zname=Tallahassee%20Marathon,
Pocatello Marathon,2023,Pocatello,ID,,https://findmymarathon.com/race-detail.php?zname=Pocatello%20Marathon,
Newport Marathon,2023,Newport,RI,,https://findmymarathon.com/race-detail.php?zname=Newport%20Marathon%20(RI),
Garmin Olathe Marathon,2024,Olathe,KS,,https://findmymarathon.com/race-detail.php?zname=Garmin%20Olathe%20Marathon,
Fort Worth Marathon,2023,Fort Worth,TX,,https://findmymarathon.com/race-detail.php?zname=Fort%20Worth%20Marathon,
Bellingham Bay Marathon,2023,Bellingham,WA,,https://findmymarathon.com/race-detail.php?zname=Bellingham%20Bay%20Marathon,
Lock 2 Lock Marathon,2024,Williamsport,MD,,https://findmymarathon.com/race-detail.php?zname=Lock%202%20Lock%20Marathon,
North Olympic Discovery Marathon,2024,Port Angeles,WA,,https://findmymarathon.com/race-detail.php?zname=North%20Olympic%20Discovery%20Marathon,
Irving Marathon,2024,Irving,TX,,https://findmymarathon.com/race-detail.php?zname=Irving%20Marathon,
Med City Marathon,2024,Rochester,MN,,https://findmymarathon.com/race-detail.php?zname=Med%20City%20Marathon,
St. Petersburg Distance Classic Marathon,2024,St. Petersburg,FL,,https://findmymarathon.com/race-detail.php?zname=St.%20Petersburg%20Distance%20Classic%20Marathon,
Humpys Marathon,2024,Anchorage,AK,,https://findmymarathon.com/race-detail.php?zname=Humpys%20Marathon,
Athens Marathon,2024,Athens,OH,,https://findmymarathon.com/race-detail.php?zname=Athens%20Marathon,
Coeur d Alene Marathon,2024,Coeur d' Alene,ID,,https://findmymarathon.com/race-detail.php?zname=Coeur%20d%20Alene%20Marathon,
Nebraska State Fair Marathon,2024,Grand Island,NE,,https://findmymarathon.com/race-detail.php?zname=Nebraska%20State%20Fair%20Marathon,
Suffolk County Marathon,2023,Babylon,NY,,https://findmymarathon.com/race-detail.php?zname=Suffolk%20County%20Marathon,
Vernonia Marathon,2024,Banks,OR,,https://findmymarathon.com/race-detail.php?zname=Vernonia%20Marathon,
Martian Marathon,2024,Dearborn,MI,,https://findmymarathon.com/race-detail.php?zname=Martian%20Marathon,
Lake Placid Marathon,2024,Lake Placid,NY,,https://findmymarathon.com/race-detail.php?zname=Lake%20Placid%20Marathon,
Famous Idaho Potato Marathon,2024,Boise,ID,,https://findmymarathon.com/race-detail.php?zname=Famous%20Idaho%20Potato%20Marathon,
Shoreline Marathon,2024,Ventura,CA,,https://findmymarathon.com/race-detail.php?zname=Shoreline%20Marathon,
Snohomish River Run Marathon,2023,Snohomish,WA,,https://findmymarathon.com/race-detail.php?zname=Snohomish%20River%20Run%20Marathon,
Palm Beaches Marathon,2023,West Palm Beach,FL,,https://findmymarathon.com/race-detail.php?zname=Palm%20Beaches%20Marathon,
Ohio River Road Runners Club Marathon,2024,Xenia,OH,,https://findmymarathon.com/race-detail.php?zname=Ohio%20River%20Road%20Runners%20Club%20Marathon,
Mississippi River Marathon,2024,Greenville,MS,,https://findmymarathon.com/race-detail.php?zname=Mississippi%20River%20Marathon,
London OH Marathon,2024,London,OH,,https://findmymarathon.com/race-detail.php?zname=London%20OH%20Marathon,
Sackets Harbor Marathon,2023,Sackets Harbor,NY,,https://findmymarathon.com/race-detail.php?zname=Sackets%20Harbor%20Marathon,
Haunted Forest Marathon,2023,Canal Fulton,OH,,https://findmymarathon.com/race-detail.php?zname=Haunted%20Forest%20Marathon,
Des Moines St. Paddys Marathon,2024,Des Moines,IA,,https://findmymarathon.com/race-detail.php?zname=Des%20Moines%20St.%20Paddys%20Marathon,
Aspen Valley Marathon,2024,Basalt,CO,,https://findmymarathon.com/race-detail.php?zname=Aspen%20Valley%20Marathon,
Tacoma City Marathon,2024,Tacoma,WA,,https://findmymarathon.com/race-detail.php?zname=Tacoma%20City%20Marathon,
Sun Marathon,2024,Santa Clara,UT,,https://findmymarathon.com/race-detail.php?zname=Sun%20Marathon,
Gandy Dancer Marathon,2023,Luck,WI,,https://findmymarathon.com/race-detail.php?zname=Gandy%20Dancer%20Marathon,
Veterans Marathon,2023,Columbia City,IN,,https://findmymarathon.com/race-detail.php?zname=Veterans%20Marathon,
Appletree Marathon,2023,Vancouver,WA,,https://findmymarathon.com/race-detail.php?zname=Appletree%20Marathon,
Chattanooga Marathon,2024,Chattanooga,TN,,https://findmymarathon.com/race-detail.php?zname=Chattanooga%20Marathon,
Duke City Marathon,2023,Albuquerque,NM,,https://findmymarathon.com/race-detail.php?zname=Duke%20City%20Marathon,
Fox Cities Marathon,2023,Appleton,WI,,https://findmymarathon.com/race-detail.php?zname=Fox%20Cities%20Marathon,
Lost Dutchman Marathon,2024,Apache Junction,AZ,,https://findmymarathon.com/race-detail.php?zname=Lost%20Dutchman%20Marathon,
Zydeco Marathon,2024,Lafayette,LA,,https://findmymarathon.com/race-detail.php?zname=Zydeco%20Marathon,
South Texas International Marathon,2023,Harlingen,TX,,https://findmymarathon.com/race-detail.php?zname=South%20Texas%20International%20Marathon,
Florida Track Club Marathon,2024,Hawthorne,FL,,https://findmymarathon.com/race-detail.php?zname=Florida%20Track%20Club%20Marathon,
Boston or Bust Marathon,2023,Huntsville,AL,,https://findmymarathon.com/race-detail.php?zname=Boston%20or%20Bust%20Marathon,
Louisville Marathon,2023,Louisville,KY,,https://findmymarathon.com/race-detail.php?zname=Louisville%20Marathon,
Champlain Islands Marathon,2023,South Hero,VT,,https://findmymarathon.com/race-detail.php?zname=Champlain%20Islands%20Marathon,
Bears Ears Marathon,2023,Bluff,UT,,https://findmymarathon.com/race-detail.php?zname=Bears%20Ears%20Marathon,
St. Joseph Missouri Marathon,2023,St. Joseph,MO,,https://findmymarathon.com/race-detail.php?zname=St.%20Joseph%20Missouri%20Marathon,
Mill Town Marathon,2024,Everett,WA,,https://findmymarathon.com/race-detail.php?zname=Mill%20Town%20Marathon,
Prairie Fire Marathon,2023,Wichita,KS,,https://findmymarathon.com/race-detail.php?zname=Prairie%20Fire%20Marathon,
Hogeye Marathon,2024,Springdale,AR,,https://findmymarathon.com/race-detail.php?zname=Hogeye%20Marathon,
Irving Frost Marathon,2023,Irving,TX,,https://findmymarathon.com/race-detail.php?zname=Irving%20Frost%20Marathon,
Potomac River Run Marathon,2024,Washington,DC,,https://findmymarathon.com/race-detail.php?zname=Potomac%20River%20Run%20Marathon,
Jackson River Scenic Trail Marathon,2024,Covington,VA,,https://findmymarathon.com/race-detail.php?zname=Jackson%20River%20Scenic%20Trail%20Marathon,
Skidaway Island Marathon,2024,Savannah,GA,,https://findmymarathon.com/race-detail.php?zname=Skidaway%20Island%20Marathon,
Surfers Point Marathon,2024,Ventura,CA,,https://findmymarathon.com/race-detail.php?zname=Surfers%20Point%20Marathon,
Panama City Beach Marathon,2023,Panama City,FL,,https://findmymarathon.com/race-detail.php?zname=Panama%20City%20Beach%20Marathon,
Ocean State Rhode Races Marathon,2023,Narragansett,RI,,https://findmymarathon.com/race-detail.php?zname=Ocean%20State%20Rhode%20Races%20Marathon,
Clearwater Marathon,2024,Clearwater,FL,,https://findmymarathon.com/race-detail.php?zname=Clearwater%20Marathon,
State 47 Las Cruces Marathon,2024,Las Cruces,NM,,https://findmymarathon.com/race-detail.php?zname=State%2047%20Las%20Cruces%20Marathon,
Bismarck Marathon,2023,Bismarck,ND,,https://findmymarathon.com/race-detail.php?zname=Bismarck%20Marathon,
Queens Marathon,2024,Queens,NY,,https://findmymarathon.com/race-detail.php?zname=Queens%20Marathon,
Governors Cup Marathon,2024,Helena,MT,,https://findmymarathon.com/race-detail.php?zname=Governors%20Cup%20Marathon,
Seven Bridges Marathon,2023,Chattanooga,TN,,https://findmymarathon.com/race-detail.php?zname=Seven%20Bridges%20Marathon,
Great New York State Marathon,2023,Syracuse,NY,,https://findmymarathon.com/race-detail.php?zname=Great%20New%20York%20State%20Marathon,
St. Lukes D and L RaceFest Marathon,2023,Allentown,PA,,https://findmymarathon.com/race-detail.php?zname=St.%20Lukes%20D%20and%20L%20RaceFest%20Marathon,
El Paso Marathon,2024,El Paso,TX,,https://findmymarathon.com/race-detail.php?zname=El%20Paso%20Marathon,
Seaside Marathon,2024,Ventura,CA,,https://findmymarathon.com/race-detail.php?zname=Seaside%20Marathon,
We Run this Beach Marathon,2024,Gulf Shores,AL,,https://findmymarathon.com/race-detail.php?zname=We%20Run%20this%20Beach%20Marathon,
3 Bridges Marathon,2023,Little Rock,AR,,https://findmymarathon.com/race-detail.php?zname=3%20Bridges%20Marathon,
Bakersfield Marathon,2024,Bakersfield,CA,,https://findmymarathon.com/race-detail.php?zname=Bakersfield%20Marathon,
Surfers Point Marathon,2023,Ventura,CA,,https://findmymarathon.com/race-detail.php?zname=Surfers%20Point%20Marathon,
Spokane Marathon,2023,Spokane,WA,,https://findmymarathon.com/race-detail.php?zname=Spokane%20Marathon,
Seattle Ghost Marathon,2023,Seattle,WA,,https://findmymarathon.com/race-detail.php?zname=Seattle%20Ghost%20Marathon,
Outer Banks Marathon,2023,Manteo,NC,,https://findmymarathon.com/race-detail.php?zname=Outer%20Banks%20Marathon,
Gobbler Grind Marathon,2023,Overland Park,KS,,https://findmymarathon.com/race-detail.php?zname=Gobbler%20Grind%20Marathon,
Millinocket Marathon,2023,Millinocket,ME,,https://findmymarathon.com/race-detail.php?zname=Millinocket%20Marathon,
Daufuskie Island Marathon,2024,Daufuskie Island,SC,,https://findmymarathon.com/race-detail.php?zname=Daufuskie%20Island%20Marathon,
Long View Marathon,2023,Loveland,CO,,https://findmymarathon.com/race-detail.php?zname=Long%20View%20Marathon,
Hamptons Marathon,2023,East Hampton,NY,,https://findmymarathon.com/race-detail.php?zname=Hamptons%20Marathon,
Monument Marathon,2023,Gering,NE,,https://findmymarathon.com/race-detail.php?zname=Monument%20Marathon,
Silver Comet Marathon,2023,Mableton,GA,,https://findmymarathon.com/race-detail.php?zname=Silver%20Comet%20Marathon,
Humboldt Bay Marathon,2024,Eureka,CA,,https://findmymarathon.com/race-detail.php?zname=Humboldt%20Bay%20Marathon,
Sarasota Marathon,2024,Sarasota,FL,,https://findmymarathon.com/race-detail.php?zname=Sarasota%20Marathon,
Florida Marathon,2024,Melbourne,FL,,https://findmymarathon.com/race-detail.php?zname=Florida%20Marathon,
Elroy Apple Dumpling Day Marathon,2024,Elroy,WI,,https://findmymarathon.com/race-detail.php?zname=Elroy%20Apple%20Dumpling%20Day%20Marathon,
Wausau Marathon,2024,Wausau,WI,,https://findmymarathon.com/race-detail.php?zname=Wausau%20Marathon,
Bound for Boston Marathon,2023,Suwanee,GA,,https://findmymarathon.com/race-detail.php?zname=Bound%20for%20Boston%20Marathon,
Oak Ridge Qualifier Marathon,2024,Oak Ridge,TN,,https://findmymarathon.com/race-detail.php?zname=Oak%20Ridge%20Qualifier%20Marathon,
RDC Marathon,2023,Durham,NC,,https://findmymarathon.com/race-detail.php?zname=RDC%20Marathon,
Camarillo Marathon,2024,Camarillo,CA,,https://findmymarathon.com/race-detail.php?zname=Camarillo%20Marathon,
USA Fit Marathon,2024,Sugar Land,TX,,https://findmymarathon.com/race-detail.php?zname=USA%20Fit%20Marathon,
New River Marathon,2024,Fleetwood,NC,,https://findmymarathon.com/race-detail.php?zname=New%20River%20Marathon,
Logan City Marathon - Top of Utah,2023,Logan,UT,,https://findmymarathon.com/race-detail.php?zname=Logan%20City%20Marathon%20-%20Top%20of%20Utah,
Steamboat Marathon,2024,Steamboat Springs,CO,,https://findmymarathon.com/race-detail.php?zname=Steamboat%20Marathon,
MO Cowbell Marathon,2023,St. Charles,MO,,https://findmymarathon.com/race-detail.php?zname=MO%20Cowbell%20Marathon,
Brookings Marathon,2024,Brookings,SD,,https://findmymarathon.com/race-detail.php?zname=Brookings%20Marathon,
Bound for Boston Marathon,2024,Suwanee,GA,,https://findmymarathon.com/race-detail.php?zname=Bound%20for%20Boston%20Marathon,
Ann Arbor Marathon,2023,Ann Arbor,MI,,https://findmymarathon.com/race-detail.php?zname=Ann%20Arbor%20Marathon,
Oak Ridge to Kingston Express Marathon,2024,Oak Ridge,TN,,https://findmymarathon.com/race-detail.php?zname=Oak%20Ridge%20to%20Kingston%20Express%20Marathon,
Mobile Marathon,2024,Mobile,AL,,https://findmymarathon.com/race-detail.php?zname=Mobile%20Marathon,
Skagit Flats Marathon,2023,Burlington,WA,,https://findmymarathon.com/race-detail.php?zname=Skagit%20Flats%20Marathon,
Wabash Trace Nature Trail Marathon,2023,Shenandoah,IA,,https://findmymarathon.com/race-detail.php?zname=Wabash%20Trace%20Nature%20Trail%20Marathon,
Jackson Hole Marathon,2023,Jackson Hole,WY,,https://findmymarathon.com/race-detail.php?zname=Jackson%20Hole%20Marathon,
Horse Capital Marathon,2024,Lexington,KY,,https://findmymarathon.com/race-detail.php?zname=Horse%20Capital%20Marathon,
Bend Marathon,2024,Bend,OR,,https://findmymarathon.com/race-detail.php?zname=Bend%20Marathon,
Whitefish Marathon,2024,Whitefish,MT,,https://findmymarathon.com/race-detail.php?zname=Whitefish%20Marathon,
Tidewater Striders Dismal Swamp Marathon,2023,Chesapeake,VA,,https://findmymarathon.com/race-detail.php?zname=Tidewater%20Striders%20Dismal%20Swamp%20Marathon,
Big Island International Marathon,2024,Hilo,HI,,https://findmymarathon.com/race-detail.php?zname=Big%20Island%20International%20Marathon,
Skagit Flats Marathon,2024,Burlington,WA,,https://findmymarathon.com/race-detail.php?zname=Skagit%20Flats%20Marathon,
Elroy Apple Dumpling Day Marathon,2023,Elroy,WI,,https://findmymarathon.com/race-detail.php?zname=Elroy%20Apple%20Dumpling%20Day%20Marathon,
Leavenworth Marathon,2023,Leavenworth,WA,,https://findmymarathon.com/race-detail.php?zname=Leavenworth%20Marathon,
Heartland Marathon,2023,Omaha,NE,,https://findmymarathon.com/race-detail.php?zname=Heartland%20Marathon,
Museum of Aviation Marathon,2024,Warner Robins,GA,,https://findmymarathon.com/race-detail.php?zname=Museum%20of%20Aviation%20Marathon,
Great Bangor Marathon,2024,Bangor,ME,,https://findmymarathon.com/race-detail.php?zname=Great%20Bangor%20Marathon,
Golden Driller Marathon,2024,Tulsa,OK,,https://findmymarathon.com/race-detail.php?zname=Golden%20Driller%20Marathon,
Trailbreaker Marathon,2024,Waukesha,WI,,https://findmymarathon.com/race-detail.php?zname=Trailbreaker%20Marathon,
Shiprock Marathon,2024,Shiprock,NM,,https://findmymarathon.com/race-detail.php?zname=Shiprock%20Marathon,
Nashville Marathon,2023,Nashville,TN,,https://findmymarathon.com/race-detail.php?zname=Nashville%20Marathon,
Redding Marathon,2024,Redding,CA,,https://findmymarathon.com/race-detail.php?zname=Redding%20Marathon,
Mill Race Marathon,2023,Columbus,IN,,https://findmymarathon.com/race-detail.php?zname=Mill%20Race%20Marathon,
Windermere Marathon,2024,Spokane,WA,,https://findmymarathon.com/race-detail.php?zname=Windermere%20Marathon,
Virginia Creeper Marathon,2024,Abingdon,VA,,https://findmymarathon.com/race-detail.php?zname=Virginia%20Creeper%20Marathon,
Tupelo Marathon,2024,Tupelo,MS,,https://findmymarathon.com/race-detail.php?zname=Tupelo%20Marathon,
Abebe Bikila Day International Peace Marathon,2023,Washington,DC,,https://findmymarathon.com/race-detail.php?zname=Abebe%20Bikila%20Day%20International%20Peace%20Marathon,
Minocqua No Frills Marathon,2024,Minocqua,WI,,https://findmymarathon.com/race-detail.php?zname=Minocqua%20No%20Frills%20Marathon,
Yonkers Marathon,2023,Yonkers,NY,,https://findmymarathon.com/race-detail.php?zname=Yonkers%20Marathon,
Potomac River Run Marathon,2023,Washington,DC,,https://findmymarathon.com/race-detail.php?zname=Potomac%20River%20Run%20Marathon%20(October),
Paavo Nurmi Marathon,2024,Hurley,WI,,https://findmymarathon.com/race-detail.php?zname=Paavo%20Nurmi%20Marathon,
Pacific Northwest Marathon,2023,Harrisburg,OR,,https://findmymarathon.com/race-detail.php?zname=Pacific%20Northwest%20Marathon,
Run for the Ranch Marathon,2023,Springfield,MO,,https://findmymarathon.com/race-detail.php?zname=Run%20for%20the%20Ranch%20Marathon,
Greenbrier River Trail Marathon,2023,Cass,WV,,https://findmymarathon.com/race-detail.php?zname=Greenbrier%20River%20Trail%20Marathon,
Wenatchee Marathon,2024,Wenatchee,WA,,https://findmymarathon.com/race-detail.php?zname=Wenatchee%20Marathon,
Brainerd Jaycees Run for the Lakes Marathon,2024,Nisswa,MN,,https://findmymarathon.com/race-detail.php?zname=Brainerd%20Jaycees%20Run%20for%20the%20Lakes%20Marathon,
Run the Alamo 26.2 Marathon,2024,San Antonio,TX,,https://findmymarathon.com/race-detail.php?zname=Run%20the%20Alamo%2026.2%20Marathon,
Tupelo Marathon,2023,Tupelo,MS,,https://findmymarathon.com/race-detail.php?zname=Tupelo%20Marathon,
Warm up Columbus,2024,Dublin,OH,,https://findmymarathon.com/race-detail.php?zname=Warm%20up%20Columbus,
East Canyon Marathon,2023,Morgan,UT,,https://findmymarathon.com/race-detail.php?zname=East%20Canyon%20Marathon,
Yakima River Canyon Marathon,2024,Ellensburg,WA,,https://findmymarathon.com/race-detail.php?zname=Yakima%20River%20Canyon%20Marathon,
Maui Oceanfront Marathon,2024,Maui,HI,,https://findmymarathon.com/race-detail.php?zname=Maui%20Oceanfront%20Marathon,
East Canyon Marathon,2024,Morgan,UT,,https://findmymarathon.com/race-detail.php?zname=East%20Canyon%20Marathon,
Railway Marathon,2024,Fultondale,AL,,https://findmymarathon.com/race-detail.php?zname=Railway%20Marathon,
Lubbock Marathon,2023,Lubbock,TX,,https://findmymarathon.com/race-detail.php?zname=Lubbock%20Marathon,
Towpath Marathon,2023,Cleveland,OH,,https://findmymarathon.com/race-detail.php?zname=Towpath%20Marathon,
Casper Marathon,2024,Casper,WY,,https://findmymarathon.com/race-detail.php?zname=Casper%20Marathon,
Walter Childs Memorial Race of Champions Marathon,2024,Holyoke,MA,,https://findmymarathon.com/race-detail.php?zname=Walter%20Childs%20Memorial%20Race%20of%20Champions%20Marathon,
Madeline Island Marathon,2024,La Pointe,WI,,https://findmymarathon.com/race-detail.php?zname=Madeline%20Island%20Marathon,
Kauai Marathon,2023,Poipu,HI,,https://findmymarathon.com/race-detail.php?zname=Kauai%20Marathon,
McAllen Marathon,2024,McAllen,TX,,https://findmymarathon.com/race-detail.php?zname=McAllen%20Marathon,
Emerald Isle Marathon,2023,Emerald Isle,NC,,https://findmymarathon.com/race-detail.php?zname=Emerald%20Isle%20Marathon,
Mississippi Blues Marathon,2024,Jackson,MS,,https://findmymarathon.com/race-detail.php?zname=Mississippi%20Blues%20Marathon,
Pocono Mountains Marathon,2023,Greentown,PA,,https://findmymarathon.com/race-detail.php?zname=Pocono%20Mountains%20Marathon,
Laredo Marathon,2023,Laredo,TX,,https://findmymarathon.com/race-detail.php?zname=Laredo%20Marathon,
Two Rivers Marathon,2024,Lackawaxen,PA,,https://findmymarathon.com/race-detail.php?zname=Two%20Rivers%20Marathon%20(Sunday),
Marathon of the Treasure Coast,2024,Stuart,FL,,https://findmymarathon.com/race-detail.php?zname=Marathon%20of%20the%20Treasure%20Coast,
Texas Marathon,2024,Kingwood,TX,,https://findmymarathon.com/race-detail.php?zname=Texas%20Marathon,
Rockin Brews Marathon,2023,Madison,WI,,https://findmymarathon.com/race-detail.php?zname=Rockin%20Brews%20Marathon,
Des Plaines River Trail Marathon,2023,Lincolnshire,IL,,https://findmymarathon.com/race-detail.php?zname=Des%20Plaines%20River%20Trail%20Marathon,
Ocean City Running Festival Marathon,2023,Ocean City,MD,,https://findmymarathon.com/race-detail.php?zname=Ocean%20City%20Running%20Festival%20Marathon,
Blue Ridge Marathon,2024,Roanoke,VA,,https://findmymarathon.com/race-detail.php?zname=Blue%20Ridge%20Marathon,
Gettysburg North-South Marathon,2024,Gettysburg,PA,,https://findmymarathon.com/race-detail.php?zname=Gettysburg%20North-South%20Marathon,
Veterans Marathon,2023,Black Lick,PA,,https://findmymarathon.com/race-detail.php?zname=Veterans%20Marathon%20(PA),
Heart of America Marathon,2024,Columbia,MO,,https://findmymarathon.com/race-detail.php?zname=Heart%20of%20America%20Marathon,
Muddy River Marathon,2024,Cape Girardeau,MO,,https://findmymarathon.com/race-detail.php?zname=Muddy%20River%20Marathon,
Galveston Marathon,2024,Galveston,TX,,https://findmymarathon.com/race-detail.php?zname=Galveston%20Marathon,
Marathon 2 Marathon,2023,Marathon,TX,,https://findmymarathon.com/race-detail.php?zname=Marathon%202%20Marathon,
Chessie Trail Marathon,2023,Lexington,VA,,https://findmymarathon.com/race-detail.php?zname=Chessie%20Trail%20Marathon,
Andrew Jackson Marathon,2024,Jackson,TN,,https://findmymarathon.com/race-detail.php?zname=Andrew%20Jackson%20Marathon,
DoLittle Marathon,2023,Waukesha,WI,,https://findmymarathon.com/race-detail.php?zname=DoLittle%20Marathon,
Adirondack Marathon,2023,Schroon Lake,NY,,https://findmymarathon.com/race-detail.php?zname=Adirondack%20Marathon,
Run Crazy Horse Marathon,2023,Hill City,SD,,https://findmymarathon.com/race-detail.php?zname=Run%20Crazy%20Horse%20Marathon,
Starved Rock Country Marathon,2024,Ottawa,IL,,https://findmymarathon.com/race-detail.php?zname=Starved%20Rock%20Country%20Marathon,
Central Florida Legends Marathon,2023,DeBary,FL,,https://findmymarathon.com/race-detail.php?zname=Central%20Florida%20Legends%20Marathon,
Seabrook Lucky Trail Marathon,2024,Seabrook,TX,,https://findmymarathon.com/race-detail.php?zname=Seabrook%20Lucky%20Trail%20Marathon,
MISH Waterfront Marathon,2024,Gladstone,MI,,https://findmymarathon.com/race-detail.php?zname=MISH%20Waterfront%20Marathon,
Cannonball Marathon,2023,Greensboro,NC,,https://findmymarathon.com/race-detail.php?zname=Cannonball%20Marathon,
Oak Ridge Qualifier Marathon,2023,Oak Ridge,TN,,https://findmymarathon.com/race-detail.php?zname=Oak%20Ridge%20Qualifier%20Marathon,
Freedoms Run Marathon,2023,Shepherdstown,WV,,https://findmymarathon.com/race-detail.php?zname=Freedoms%20Run%20Marathon,
Armed Services Marathon,2024,Grand Haven,MI,,https://findmymarathon.com/race-detail.php?zname=Armed%20Services%20Marathon,
Bucks County Marathon,2023,Yardley,PA,,https://findmymarathon.com/race-detail.php?zname=Bucks%20County%20Marathon,
Northwoods Escape Marathon,2024,Minocqua,WI,,https://findmymarathon.com/race-detail.php?zname=Northwoods%20Escape%20Marathon,
EOD Warrior Holiday Dash Marathon,2023,Washington,DC,,https://findmymarathon.com/race-detail.php?zname=EOD%20Warrior%20Holiday%20Dash%20Marathon,
Deadwood-Mickelson Trail Marathon,2024,Deadwood,SD,,https://findmymarathon.com/race-detail.php?zname=Deadwood-Mickelson%20Trail%20Marathon,
Mad Marathon,2024,Waitsfield,VT,,https://findmymarathon.com/race-detail.php?zname=Mad%20Marathon,
Whidbey Island Marathon,2024,Oak Harbor,WA,,https://findmymarathon.com/race-detail.php?zname=Whidbey%20Island%20Marathon,
Stennis Space Center Marathon,2023,Ocean Springs,MS,,https://findmymarathon.com/race-detail.php?zname=Stennis%20Space%20Center%20Marathon,
Yuma Territorial Marathon,2024,Yuma,AZ,,https://findmymarathon.com/race-detail.php?zname=Yuma%20Territorial%20Marathon,
Drake Well Marathon,2024,Titusville,PA,,https://findmymarathon.com/race-detail.php?zname=Drake%20Well%20Marathon,
Gods Country Marathon Race Series,2024,Galeton,PA,,https://findmymarathon.com/race-detail.php?zname=Gods%20Country%20Marathon%20Race%20Series,
Springfield Marathon,2023,Springfield,IL,,https://findmymarathon.com/race-detail.php?zname=Springfield%20Marathon,
Old Colony Marathon,2024,Springfield,MA,,https://findmymarathon.com/race-detail.php?zname=Old%20Colony%20Marathon,
Lock 2 Lock Marathon,2023,Williamsport,MD,,https://findmymarathon.com/race-detail.php?zname=Lock%202%20Lock%20Marathon,
Three Days at the Fair Marathon,2024,Augusta,NJ,,https://findmymarathon.com/race-detail.php?zname=Three%20Days%20at%20the%20Fair%20Marathon%20(Spring),
Idaho Running Company Marathon,2023,Boise,ID,,https://findmymarathon.com/race-detail.php?zname=Idaho%20Running%20Company%20Marathon,
Prince of Wales Island Marathon,2024,Craig,AK,,https://findmymarathon.com/race-detail.php?zname=Prince%20of%20Wales%20Island%20Marathon,
Rockin Brews Marathon,2024,Madison,WI,,https://findmymarathon.com/race-detail.php?zname=Rockin%20Brews%20Marathon,
Jailbreak Marathon,2023,Wautoma,WI,,https://findmymarathon.com/race-detail.php?zname=Jailbreak%20Marathon,
Xenia Avenue Marathon,2024,Brooklyn Park,MN,,https://findmymarathon.com/race-detail.php?zname=Xenia%20Avenue%20Marathon,
bg26.2 Marathon,2023,Bowling Green,KY,,https://findmymarathon.com/race-detail.php?zname=bg26.2%20Marathon,
Lagerhead Marathon,2023,Ottawa,KS,,https://findmymarathon.com/race-detail.php?zname=Lagerhead%20Marathon,
Run the River Marathon,2024,Kennewick,WA,,https://findmymarathon.com/race-detail.php?zname=Run%20the%20River%20Marathon,
Sleeping Bear Marathon,2023,Empire,MI,,https://findmymarathon.com/race-detail.php?zname=Sleeping%20Bear%20Marathon,
Little Apple Marathon,2023,Manhattan,KS,,https://findmymarathon.com/race-detail.php?zname=Little%20Apple%20Marathon,
Harlingen Marathon,2024,Harlingen,TX,,https://findmymarathon.com/race-detail.php?zname=Harlingen%20Marathon,
Rivanna Greenbelt Marathon,2023,Charlottesville,VA,,https://findmymarathon.com/race-detail.php?zname=Rivanna%20Greenbelt%20Marathon,
Eisenhower Marathon,2024,Abilene,KS,,https://findmymarathon.com/race-detail.php?zname=Eisenhower%20Marathon,
Millbrook Marathon,2024,Millbrook,NY,,https://findmymarathon.com/race-detail.php?zname=Millbrook%20Marathon,
New Hampshire Marathon,2023,Bristol,NH,,https://findmymarathon.com/race-detail.php?zname=New%20Hampshire%20Marathon,
Justice Run Marathon,2023,Fort Worth,TX,,https://findmymarathon.com/race-detail.php?zname=Justice%20Run%20Marathon,
Minocqua No Frills Marathon,2023,Minocqua,WI,,https://findmymarathon.com/race-detail.php?zname=Minocqua%20No%20Frills%20Marathon,
Juneau Marathon,2024,Juneau,AK,,https://findmymarathon.com/race-detail.php?zname=Juneau%20Marathon,
Alpha Win Ave Maria Marathon,2024,Ave Maria,FL,,https://findmymarathon.com/race-detail.php?zname=Alpha%20Win%20Ave%20Maria%20Marathon,
Jewel of the Valley Marathon,2024,Yakima,WA,,https://findmymarathon.com/race-detail.php?zname=Jewel%20of%20the%20Valley%20Marathon,
SoCal Marathon,2024,Huntington Beach,CA,,https://findmymarathon.com/race-detail.php?zname=SoCal%20Marathon,
Idaho Running Company Marathon,2024,Boise,ID,,https://findmymarathon.com/race-detail.php?zname=Idaho%20Running%20Company%20Marathon,
Bound for Boston,2024,Menomonee Falls,WI,,https://findmymarathon.com/race-detail.php?zname=Bound%20for%20Boston%20(Milwaukee)%20Marathon,
Bound for Boston,2024,Henderson,NV,,https://findmymarathon.com/race-detail.php?zname=Bound%20for%20Boston%20(Las%20Vegas)%20Marathon,
Run for the Elk Marathon,2024,Emporium,PA,,https://findmymarathon.com/race-detail.php?zname=Run%20for%20the%20Elk%20Marathon,
Northeast Kingdom Marathon,2023,Island Pond,VT,,https://findmymarathon.com/race-detail.php?zname=Northeast%20Kingdom%20Marathon,
Cedar Creek Marathon,2023,Columbia Falls,MT,,https://findmymarathon.com/race-detail.php?zname=Cedar%20Creek%20Marathon,
Brownsville Chief of Police Marathon,2023,Brownsville,TX,,https://findmymarathon.com/race-detail.php?zname=Brownsville%20Chief%20of%20Police%20Marathon,
Heart of America Marathon,2023,Columbia,MO,,https://findmymarathon.com/race-detail.php?zname=Heart%20of%20America%20Marathon,
Conquer the Canyon Marathon,2024,Wellsboro,PA,,https://findmymarathon.com/race-detail.php?zname=Conquer%20the%20Canyon%20Marathon,
Ely Marathon,2023,Ely,MN,,https://findmymarathon.com/race-detail.php?zname=Ely%20Marathon,
Moonlight on the Falls Marathon,2024,Davis,WV,,https://findmymarathon.com/race-detail.php?zname=Moonlight%20on%20the%20Falls%20Marathon,
Kauai Marathon,2024,Poipu,HI,,https://findmymarathon.com/race-detail.php?zname=Kauai%20Marathon,
Race the Lake Marathon,2024,Cooperstown,NY,,https://findmymarathon.com/race-detail.php?zname=Race%20the%20Lake%20Marathon,
Flowerfest Marathon at Callaway Gardens,2024,Pine Mountain,GA,,https://findmymarathon.com/race-detail.php?zname=Flowerfest%20Marathon%20at%20Callaway%20Gardens,
Great Allegheny Ohiopyle Marathon,2024,Ohiopyle,PA,,https://findmymarathon.com/race-detail.php?zname=Great%20Allegheny%20Ohiopyle%20Marathon,
Valentines Day Massacre Marathon,2024,Greensboro,NC,,https://findmymarathon.com/race-detail.php?zname=Valentines%20Day%20Massacre%20Marathon,
Noyo Headlands Marathon,2023,Fort Bragg,CA,,https://findmymarathon.com/race-detail.php?zname=Noyo%20Headlands%20Marathon,
Western Maryland Rail Trail Marathon,2023,Hancock,MD,,https://findmymarathon.com/race-detail.php?zname=Western%20Maryland%20Rail%20Trail%20Marathon,
IronHorse Marathon,2024,Riceville,IA,,https://findmymarathon.com/race-detail.php?zname=IronHorse%20Marathon,
Victory Marathon,2024,Hillsdale,IN,,https://findmymarathon.com/race-detail.php?zname=Victory%20Marathon,
Great Lincoln Marathon,2023,Lincoln,ME,,https://findmymarathon.com/race-detail.php?zname=Great%20Lincoln%20Marathon,
Nutmeg State Marathon,2024,Hartford,CT,,https://findmymarathon.com/race-detail.php?zname=Nutmeg%20State%20Marathon,
Tallahassee Ultra Distance Classic Marathon,2023,Tallahassee,FL,,https://findmymarathon.com/race-detail.php?zname=Tallahassee%20Ultra%20Distance%20Classic%20Marathon,
Boring Marathon,2023,Gresham,OR,,https://findmymarathon.com/race-detail.php?zname=Boring%20Marathon,
Ellerbe Marathon,2024,Ellerbe,NC,,https://findmymarathon.com/race-detail.php?zname=Ellerbe%20Marathon,
Papa Loco Marathon,2024,Conway,AR,,https://findmymarathon.com/race-detail.php?zname=Papa%20Loco%20Marathon,
Savin Rock Marathon,2024,West Haven,CT,,https://findmymarathon.com/race-detail.php?zname=Savin%20Rock%20Marathon,
BHM 26.2 Marathon,2023,Birmingham,AL,,https://findmymarathon.com/race-detail.php?zname=BHM%2026.2%20Marathon,
Fort Smith Marathon,2023,Fort Smith,AR,,https://findmymarathon.com/race-detail.php?zname=Fort%20Smith%20Marathon,
Sandy Claus Marathon,2023,Nocatee,FL,,https://findmymarathon.com/race-detail.php?zname=Sandy%20Claus%20Marathon,
Honoring Our Heroes Marathon,2023,Rolla,MO,,https://findmymarathon.com/race-detail.php?zname=Honoring%20Our%20Heroes%20Marathon,
St. Patricks Marathon,2024,Washington,DC,,https://findmymarathon.com/race-detail.php?zname=St.%20Patricks%20Marathon,
Nashville Running Festival Marathon,2023,Nashville,NC,,https://findmymarathon.com/race-detail.php?zname=Nashville%20Running%20Festival%20Marathon,
Rescue Rover Marathon,2024,Bedford,TX,,https://findmymarathon.com/race-detail.php?zname=Rescue%20Rover%20Marathon%20(Dalmatian%20Run%20Fest),
Bound for Boston,2024,Olympia,WA,,https://findmymarathon.com/race-detail.php?zname=Bound%20for%20Boston%20(Seattle)%20Marathon,
Non Cancelled Marathon,2024,Oconomowoc,WI,,https://findmymarathon.com/race-detail.php?zname=Non%20Cancelled%20Marathon,
ZombieRunner Halloween Marathon,2023,San Jose,CA,,https://findmymarathon.com/race-detail.php?zname=ZombieRunner%20Halloween%20Marathon,
Boise Marathon,2024,Boise,ID,,https://findmymarathon.com/race-detail.php?zname=Boise%20Marathon,
Belleville Main Street Marathon,2023,Belleville,IL,,https://findmymarathon.com/race-detail.php?zname=Belleville%20Main%20Street%20Marathon,
Lake Tahoe Marathon,2023,South Lake Tahoe,CA,,https://findmymarathon.com/race-detail.php?zname=Lake%20Tahoe%20Marathon,
